Cidade,UF,Populacao,Domicilios,Populacao urbana,Renda media,Empresas CNPJ relacionadas,Desentupidoras Google,Empresas Google Maps,Concorrentes com site,Concorrentes 24h,Total de avaliacoes,Media das avaliacoes,Maior numero de avaliacoes,Google Ads,Concorrencia SEO,Busca desentupidora,Busca desentupimento,Busca limpa fossa,Saneamento,Rede de esgoto,Distancia da cidade grande (km),Quantidade de cidades proximas,Area potencial de atendimento,Preco medio,Potencial residencial,Potencial comercial,Potencial industrial,Potencial condominios,Nota concorrencia,Nota demanda,Nota mercado,Nota oportunidade,Observacoes,Nota Oportunidade Parcial (Pop x %Saneamento),Ranking Parcial
Jaraguá do Sul,SC,199519,,,,,,,,,,,,,,,,,"78,21","660,1",,,,,,,,,,,,,,156044,8
Rio Grande,RS,198935,,,,,,,,,,,,,,,,,"34,47","199,02",,,,,,,,,,,,,,68573,137
Cachoeiro de Itapemirim,ES,198342,,,,,,,,,,,,,,,,,"93,67","563,37",,,,,,,,,,,,,,185787,1
Itabuna,BA,196344,,,,,,,,,,,,,,,,,"89,75","362,8",,,,,,,,,,,,,,176219,4
Alvorada,RS,194062,,,,,,,,,,,,,,,,,"41,23","255,93",,,,,,,,,,,,,,80012,109
Guarapuava,PR,189630,,,,,,,,,,,,,,,,,"96,02","701,23",,,,,,,,,,,,,,182083,2
Santa Bárbara d'Oeste,SP,189456,,,,,,,,,,,,,,,,,"95,56","722,71",,,,,,,,,,,,,,181044,3
Ilhéus,BA,189149,,,,,,,,,,,,,,,,,"54,86","154,07",,,,,,,,,,,,,,103767,60
Ferraz de Vasconcelos,SP,186479,,,,,,,,,,,,,,,,,"86,82","275,19",,,,,,,,,,,,,,161901,7
Bragança Paulista,SP,185688,,,,,,,,,,,,,,,,,"75,77","557,29",,,,,,,,,,,,,,140696,13
Linhares,ES,183797,,,,,,,,,,,,,,,,,"80,64","393,18",,,,,,,,,,,,,,148214,11
Araguaína,TO,183024,,,,,,,,,,,,,,,,,"30,72","404,01",,,,,,,,,,,,,,56225,176
Timon,MA,182711,,,,,,,,,,,,,,,,,"31,75","257,46",,,,,,,,,,,,,,58011,170
Porto Seguro,BA,182630,,,,,,,,,,,,,,,,,"56,96","345,36",,,,,,,,,,,,,,104026,58
Barra Mansa,RJ,181679,,,,,,,,,,,,,,,,,"74,25","580,27",,,,,,,,,,,,,,134897,18
Ibirité,MG,179582,,,,,,,,,,,,,,,,,"69,41","316,79",,,,,,,,,,,,,,124648,31
Angra dos Reis,RJ,179142,,,,,,,,,,,,,,,,,"51,4","281,29",,,,,,,,,,,,,,92079,85
Mesquita,RJ,178830,,,,,,,,,,,,,,,,,"12,65","131,38",,,,,,,,,,,,,,22622,309
Teresópolis,RJ,176735,,,,,,,,,,,,,,,,,0,0,,,,,,,,,,,,,,0,436
Itu,SP,175047,,,,,,,,,,,,,,,,,"73,75","549,94",,,,,,,,,,,,,,129097,23
Senador Canedo,GO,175042,,,,,,,,,,,,,,,,,"2,57","42,4",,,,,,,,,,,,,,4499,394
São Caetano do Sul,SP,172693,,,,,,,,,,,,,,,,,"95,92","328,35",,,,,,,,,,,,,,165647,5
Pindamonhangaba,SP,172681,,,,,,,,,,,,,,,,,"90,33","452,78",,,,,,,,,,,,,,155983,9
Lages,SC,172458,,,,,,,,,,,,,,,,,"40,43","204,33",,,,,,,,,,,,,,69725,133
Abaetetuba,PA,172344,,,,,,,,,,,,,,,,,0,0,,,,,,,,,,,,,,0,436
Poços de Caldas,MG,172339,,,,,,,,,,,,,,,,,"95,01","978,98",,,,,,,,,,,,,,163739,6
Barreiras,BA,171634,,,,,,,,,,,,,,,,,"68,32","310,2",,,,,,,,,,,,,,117260,38
Francisco Morato,SP,171476,,,,,,,,,,,,,,,,,"66,99","236,31",,,,,,,,,,,,,,114872,43
Parnaíba,PI,170491,,,,,,,,,,,,,,,,,"39,07","796,4",,,,,,,,,,,,,,66611,142
Jequié,BA,169201,,,,,,,,,,,,,,,,,"75,25","463,69",,,,,,,,,,,,,,127324,27
Patos de Minas,MG,169173,,,,,,,,,,,,,,,,,"77,97","772,13",,,,,,,,,,,,,,131904,21
Rio das Ostras,RJ,168455,,,,,,,,,,,,,,,,,"24,67",215,,,,,,,,,,,,,,41558,237
Atibaia,SP,167161,,,,,,,,,,,,,,,,,"53,33",402,,,,,,,,,,,,,,89147,92
Fazenda Rio Grande,PR,165943,,,,,,,,,,,,,,,,,"89,7","356,37",,,,,,,,,,,,,,148851,10
Itapetininga,SP,164256,,,,,,,,,,,,,,,,,"84,03","472,03",,,,,,,,,,,,,,138024,16
Santana de Parnaíba,SP,163787,,,,,,,,,,,,,,,,,"61,26","372,74",,,,,,,,,,,,,,100336,68
Caxias,MA,163546,,,,,,,,,,,,,,,,,"7,34","59,41",,,,,,,,,,,,,,12004,359
Itapecerica da Serra,SP,163003,,,,,,,,,,,,,,,,,"57,03","261,99",,,,,,,,,,,,,,92961,83
Araucária,PR,162247,,,,,,,,,,,,,,,,,"85,09","263,78",,,,,,,,,,,,,,138056,15
Pouso Alegre,MG,162133,,,,,,,,,,,,,,,,,"83,09","534,82",,,,,,,,,,,,,,134716,19
Alagoinhas,BA,161196,,,,,,,,,,,,,,,,,"36,44",141,,,,,,,,,,,,,,58740,164
Santa Rita,PB,160852,,,,,,,,,,,,,,,,,"3,71",171,,,,,,,,,,,,,,5968,387
Toledo,PR,160701,,,,,,,,,,,,,,,,,"87,55","740,99",,,,,,,,,,,,,,140694,14
Mogi Guaçu,SP,160318,,,,,,,,,,,,,,,,,"91,48","593,05",,,,,,,,,,,,,,146659,12
Camaragibe,PE,156112,,,,,,,,,,,,,,,,,"1,16","7,7",,,,,,,,,,,,,,1811,413
Nilópolis,RJ,155500,,,,,,,,,,,,,,,,,0,0,,,,,,,,,,,,,,0,436
Brusque,SC,155307,,,,,,,,,,,,,,,,,0,0,,,,,,,,,,,,,,0,436
Teixeira de Freitas,BA,153738,,,,,,,,,,,,,,,,,"55,74","248,64",,,,,,,,,,,,,,85694,99
Trindade,GO,153560,,,,,,,,,,,,,,,,,"64,39","336,08",,,,,,,,,,,,,,98877,72
Paço do Lumiar,MA,153158,,,,,,,,,,,,,,,,,"34,01","141,17",,,,,,,,,,,,,,52089,192
Garanhuns,PE,151803,,,,,,,,,,,,,,,,,"12,55","129,72",,,,,,,,,,,,,,19051,321
Balneário Camboriú,SC,151674,,,,,,,,,,,,,,,,,"90,33","269,66",,,,,,,,,,,,,,137007,17
Botucatu,SP,151053,,,,,,,,,,,,,,,,,"88,89","521,73",,,,,,,,,,,,,,134271,20
Franco da Rocha,SP,150241,,,,,,,,,,,,,,,,,"78,55","261,91",,,,,,,,,,,,,,118014,36
Paranaguá,PR,150104,,,,,,,,,,,,,,,,,"77,81",666,,,,,,,,,,,,,,116796,41
Queimados,RJ,149135,,,,,,,,,,,,,,,,,0,0,,,,,,,,,,,,,,0,436
Cametá,PA,144859,,,,,,,,,,,,,,,,,0,0,,,,,,,,,,,,,,0,436
Campo Largo,PR,144504,,,,,,,,,,,,,,,,,"66,74","284,74",,,,,,,,,,,,,,96442,76
Vitória de Santo Antão,PE,144243,,,,,,,,,,,,,,,,,"26,73","173,91",,,,,,,,,,,,,,38556,246
Varginha,MG,143676,,,,,,,,,,,,,,,,,"87,88","551,02",,,,,,,,,,,,,,126262,30
Três Lagoas,MS,143523,,,,,,,,,,,,,,,,,84,"757,87",,,,,,,,,,,,,,120559,34
Teófilo Otoni,MG,142851,,,,,,,,,,,,,,,,,"61,76","271,45",,,,,,,,,,,,,,88225,94
Caraguatatuba,SP,142248,,,,,,,,,,,,,,,,,"74,01","522,62",,,,,,,,,,,,,,105278,55
Cachoeirinha,RS,141503,,,,,,,,,,,,,,,,,"82,57","407,77",,,,,,,,,,,,,,116839,40
Salto,SP,141111,,,,,,,,,,,,,,,,,"90,32",466,,,,,,,,,,,,,,127451,26
Ji-Paraná,RO,140101,,,,,,,,,,,,,,,,,"1,23",42,,,,,,,,,,,,,,1723,415
Barcarena,PA,139076,,,,,,,,,,,,,,,,,"19,01",52,,,,,,,,,,,,,,26438,281
Crato,CE,139027,,,,,,,,,,,,,,,,,"27,6",100,,,,,,,,,,,,,,38371,248
Itapipoca,CE,138978,,,,,,,,,,,,,,,,,"18,27","61,71",,,,,,,,,,,,,,25391,288
Conselheiro Lafaiete,MG,138946,,,,,,,,,,,,,,,,,"69,87","412,59",,,,,,,,,,,,,,97082,73
Altamira,PA,138749,,,,,,,,,,,,,,,,,"43,38",270,,,,,,,,,,,,,,60189,158
Vespasiano,MG,138583,,,,,,,,,,,,,,,,,"78,73","350,36",,,,,,,,,,,,,,109106,47
Santa Cruz do Sul,RS,138270,,,,,,,,,,,,,,,,,"21,44","161,72",,,,,,,,,,,,,,29645,274
Araruama,RJ,137906,,,,,,,,,,,,,,,,,"72,23","129,72",,,,,,,,,,,,,,99610,69
Resende,RJ,137697,,,,,,,,,,,,,,,,,"89,64","437,43",,,,,,,,,,,,,,123432,32
Jaú,SP,137409,,,,,,,,,,,,,,,,,"94,14","789,49",,,,,,,,,,,,,,129357,22
Sapucaia do Sul,RS,136572,,,,,,,,,,,,,,,,,"18,81","101,48",,,,,,,,,,,,,,25689,284
Guarapari,ES,136311,,,,,,,,,,,,,,,,,"48,11","205,57",,,,,,,,,,,,,,65579,147
Araras,SP,135744,,,,,,,,,,,,,,,,,"94,7","928,47",,,,,,,,,,,,,,128550,24
Itaituba,PA,135369,,,,,,,,,,,,,,,,,0,0,,,,,,,,,,,,,,0,436
Apucarana,PR,134910,,,,,,,,,,,,,,,,,"94,85","713,8",,,,,,,,,,,,,,127962,25
Sabará,MG,134576,,,,,,,,,,,,,,,,,"64,19","327,62",,,,,,,,,,,,,,86384,97
São Mateus,ES,134423,,,,,,,,,,,,,,,,,"54,75","139,48",,,,,,,,,,,,,,73597,124
Votorantim,SP,133510,,,,,,,,,,,,,,,,,"91,68","430,48",,,,,,,,,,,,,,122402,33
Bragança,PA,132489,,,,,,,,,,,,,,,,,0,0,,,,,,,,,,,,,,0,436
Valinhos,SP,132258,,,,,,,,,,,,,,,,,"85,06","634,69",,,,,,,,,,,,,,112499,44
Sertãozinho,SP,132176,,,,,,,,,,,,,,,,,"95,62","472,46",,,,,,,,,,,,,,126387,29
Pinhais,PR,131255,,,,,,,,,,,,,,,,,"96,77","548,33",,,,,,,,,,,,,,127015,28
Barbacena,MG,129695,,,,,,,,,,,,,,,,,"92,79","348,01",,,,,,,,,,,,,,120344,35
Colatina,ES,129301,,,,,,,,,,,,,,,,,"81,66",243,,,,,,,,,,,,,,105587,54
Tatuí,SP,129130,,,,,,,,,,,,,,,,,"80,8","382,15",,,,,,,,,,,,,,104337,57
Sarandi,PR,128106,,,,,,,,,,,,,,,,,"54,12",220,,,,,,,,,,,,,,69331,134
Bento Gonçalves,RS,127977,,,,,,,,,,,,,,,,,"0,55",5,,,,,,,,,,,,,,704,428
Piraquara,PR,127433,,,,,,,,,,,,,,,,,"82,96","466,29",,,,,,,,,,,,,,105718,53
Itatiba,SP,127112,,,,,,,,,,,,,,,,,"74,36","282,91",,,,,,,,,,,,,,94520,80
Barretos,SP,126957,,,,,,,,,,,,,,,,,"91,96","764,84",,,,,,,,,,,,,,116750,42
Almirante Tamandaré,PR,125861,,,,,,,,,,,,,,,,,"58,58","312,8",,,,,,,,,,,,,,73729,122
Arapongas,PR,124838,,,,,,,,,,,,,,,,,"84,12","567,1",,,,,,,,,,,,,,105014,56
Sorriso,MT,124665,,,,,,,,,,,,,,,,,"48,7","365,24",,,,,,,,,,,,,,60712,156
São Gonçalo do Amarante,RN,124495,,,,,,,,,,,,,,,,,"31,94","78,49",,,,,,,,,,,,,,39764,242
Itaguaí,RJ,124021,,,,,,,,,,,,,,,,,"27,41",100,,,,,,,,,,,,,,33994,260
Araguari,MG,123432,,,,,,,,,,,,,,,,,"95,44","509,23",,,,,,,,,,,,,,117804,37
Birigui,SP,123340,,,,,,,,,,,,,,,,,"86,95","465,26",,,,,,,,,,,,,,107244,49
Umuarama,PR,123059,,,,,,,,,,,,,,,,,"95,14","762,78",,,,,,,,,,,,,,117078,39
Igarassu,PE,123017,,,,,,,,,,,,,,,,,"4,22","25,48",,,,,,,,,,,,,,5191,389
Catalão,GO,122760,,,,,,,,,,,,,,,,,"59,01",392,,,,,,,,,,,,,,72441,125
Bagé,RS,121928,,,,,,,,,,,,,,,,,"62,16","327,89",,,,,,,,,,,,,,75790,117
Guaratinguetá,SP,121916,,,,,,,,,,,,,,,,,"88,85","455,78",,,,,,,,,,,,,,108322,48
Formosa,GO,121559,,,,,,,,,,,,,,,,,"85,12","406,86",,,,,,,,,,,,,,103471,62
Jandira,SP,121550,,,,,,,,,,,,,,,,,"88,06","165,35",,,,,,,,,,,,,,107037,51
Eunápolis,BA,121067,,,,,,,,,,,,,,,,,"9,96","23,73",,,,,,,,,,,,,,12058,358
Nova Lima,MG,120959,,,,,,,,,,,,,,,,,"18,95","75,18",,,,,,,,,,,,,,22922,308
Uruguaiana,RS,120819,,,,,,,,,,,,,,,,,"88,54","271,51",,,,,,,,,,,,,,106973,52
Simões Filho,BA,120419,,,,,,,,,,,,,,,,,"34,71","113,91",,,,,,,,,,,,,,41797,235
Várzea Paulista,SP,119655,,,,,,,,,,,,,,,,,"82,69","226,77",,,,,,,,,,,,,,98943,71
Marituba,PA,119437,,,,,,,,,,,,,,,,,"12,95",4,,,,,,,,,,,,,,15467,337
Paulo Afonso,BA,119418,,,,,,,,,,,,,,,,,"32,28","149,81",,,,,,,,,,,,,,38548,247
Catanduva,SP,119275,,,,,,,,,,,,,,,,,"93,9",500,,,,,,,,,,,,,,111999,45
Ribeirão Pires,SP,118954,,,,,,,,,,,,,,,,,"76,04","374,79",,,,,,,,,,,,,,90453,88
Santana,AP,118803,,,,,,,,,,,,,,,,,"1,19","9,42",,,,,,,,,,,,,,1414,422
Araxá,MG,118786,,,,,,,,,,,,,,,,,"85,85","506,48",,,,,,,,,,,,,,101978,65
Itanhaém,SP,118495,,,,,,,,,,,,,,,,,"49,35","486,01",,,,,,,,,,,,,,58477,166
Luís Eduardo Magalhães,BA,118382,,,,,,,,,,,,,,,,,"59,55","252,09",,,,,,,,,,,,,,70496,130
Codó,MA,118283,,,,,,,,,,,,,,,,,"9,62",35,,,,,,,,,,,,,,11379,362
São Lourenço da Mata,PE,118258,,,,,,,,,,,,,,,,,"30,15","94,49",,,,,,,,,,,,,,35655,256
Itabira,MG,118053,,,,,,,,,,,,,,,,,"86,57","336,56",,,,,,,,,,,,,,102198,64
Camboriú,SC,117324,,,,,,,,,,,,,,,,,0,0,,,,,,,,,,,,,,0,436
Passos,MG,116951,,,,,,,,,,,,,,,,,"88,77","533,61",,,,,,,,,,,,,,103817,59
Tubarão,SC,116725,,,,,,,,,,,,,,,,,"40,67","107,8",,,,,,,,,,,,,,47472,213
Paulínia,SP,116674,,,,,,,,,,,,,,,,,"94,74","232,35",,,,,,,,,,,,,,110537,46
Breves,PA,116058,,,,,,,,,,,,,,,,,0,0,,,,,,,,,,,,,,0,436
Cubatão,SP,114870,,,,,,,,,,,,,,,,,"57,57","149,66",,,,,,,,,,,,,,66131,143
Nova Serrana,MG,114791,,,,,,,,,,,,,,,,,"70,36","516,28",,,,,,,,,,,,,,80767,105
Tangará da Serra,MT,114603,,,,,,,,,,,,,,,,,"22,23",187,,,,,,,,,,,,,,25476,287
Itacoatiara,AM,113917,,,,,,,,,,,,,,,,,0,0,,,,,,,,,,,,,,0,436
Paragominas,PA,113498,,,,,,,,,,,,,,,,,"11,09","44,86",,,,,,,,,,,,,,12587,355
Itumbiara,GO,113322,,,,,,,,,,,,,,,,,"91,18","266,1",,,,,,,,,,,,,,103327,63
Planaltina,GO,112304,,,,,,,,,,,,,,,,,"77,38","233,93",,,,,,,,,,,,,,86901,95
Manacapuru,AM,111751,,,,,,,,,,,,,,,,,0,0,,,,,,,,,,,,,,0,436
Jataí,GO,111634,,,,,,,,,,,,,,,,,"84,94","577,77",,,,,,,,,,,,,,94822,79
Cambé,PR,110923,,,,,,,,,,,,,,,,,"96,64","622,52",,,,,,,,,,,,,,107196,50
Lavras,MG,110682,,,,,,,,,,,,,,,,,"83,93","453,26",,,,,,,,,,,,,,92895,84
São Pedro da Aldeia,RJ,110677,,,,,,,,,,,,,,,,,"74,05",67,,,,,,,,,,,,,,81956,101
Açailândia,MA,110611,,,,,,,,,,,,,,,,,"1,43",10,,,,,,,,,,,,,,1582,420
Santo Antônio de Jesus,BA,109791,,,,,,,,,,,,,,,,,"20,92","81,12",,,,,,,,,,,,,,22968,307
Vilhena,RO,109651,,,,,,,,,,,,,,,,,0,0,,,,,,,,,,,,,,0,436
Erechim,RS,109609,,,,,,,,,,,,,,,,,0,0,,,,,,,,,,,,,,0,436
Itabaiana,SE,109250,,,,,,,,,,,,,,,,,"21,13","37,65",,,,,,,,,,,,,,23085,305
Ariquemes,RO,109170,,,,,,,,,,,,,,,,,"2,25","18,59",,,,,,,,,,,,,,2456,408
Coronel Fabriciano,MG,108708,,,,,,,,,,,,,,,,,"79,43","272,11",,,,,,,,,,,,,,86347,98
Maranguape,CE,108622,,,,,,,,,,,,,,,,,"11,83","74,68",,,,,,,,,,,,,,12850,352
Muriaé,MG,108447,,,,,,,,,,,,,,,,,"88,42","483,6",,,,,,,,,,,,,,95889,77
Patos,PB,108104,,,,,,,,,,,,,,,,,"12,75","36,42",,,,,,,,,,,,,,13783,347
Bacabal,MA,107755,,,,,,,,,,,,,,,,,"4,48",15,,,,,,,,,,,,,,4827,391
Novo Gama,GO,107663,,,,,,,,,,,,,,,,,"43,11","102,43",,,,,,,,,,,,,,46414,218
Ubá,MG,107423,,,,,,,,,,,,,,,,,"80,44","298,95",,,,,,,,,,,,,,86411,96
Itaperuna,RJ,107297,,,,,,,,,,,,,,,,,"85,33",405,,,,,,,,,,,,,,91557,87
Ourinhos,SP,106911,,,,,,,,,,,,,,,,,"93,88","528,73",,,,,,,,,,,,,,100368,67
Caldas Novas,GO,106820,,,,,,,,,,,,,,,,,"50,71","92,4",,,,,,,,,,,,,,54168,183
Ituiutaba,MG,106775,,,,,,,,,,,,,,,,,"87,43","564,09",,,,,,,,,,,,,,93353,81
Ipojuca,PE,106539,,,,,,,,,,,,,,,,,"19,21","117,65",,,,,,,,,,,,,,20466,314
Poá,SP,106355,,,,,,,,,,,,,,,,,"97,56","262,16",,,,,,,,,,,,,,103760,61
Balsas,MA,105974,,,,,,,,,,,,,,,,,"3,77","5,12",,,,,,,,,,,,,,3995,397
Lagarto,SE,105957,,,,,,,,,,,,,,,,,"7,78","40,49",,,,,,,,,,,,,,8243,375
Assis,SP,104858,,,,,,,,,,,,,,,,,"95,87","416,03",,,,,,,,,,,,,,100527,66
Santa Cruz do Capibaribe,PE,104854,,,,,,,,,,,,,,,,,0,"16,39",,,,,,,,,,,,,,0,436
Abreu e Lima,PE,104248,,,,,,,,,,,,,,,,,"22,45","91,47",,,,,,,,,,,,,,23404,303
Campo Mourão,PR,104122,,,,,,,,,,,,,,,,,"95,49","607,44",,,,,,,,,,,,,,99426,70
Aracruz,ES,103363,,,,,,,,,,,,,,,,,"77,88","284,37",,,,,,,,,,,,,,80499,106
Itaúna,MG,103272,,,,,,,,,,,,,,,,,"90,17","377,08",,,,,,,,,,,,,,93120,82
Pará de Minas,MG,102844,,,,,,,,,,,,,,,,,"93,96","338,85",,,,,,,,,,,,,,96632,75
Iguatu,CE,102588,,,,,,,,,,,,,,,,,"15,99",31,,,,,,,,,,,,,,16404,330
Francisco Beltrão,PR,102312,,,,,,,,,,,,,,,,,"78,99","485,73",,,,,,,,,,,,,,80816,104
Japeri,RJ,102171,,,,,,,,,,,,,,,,,0,0,,,,,,,,,,,,,,0,436
Parintins,AM,101855,,,,,,,,,,,,,,,,,0,0,,,,,,,,,,,,,,0,436
Cidade Ocidental,GO,101570,,,,,,,,,,,,,,,,,"35,27","52,55",,,,,,,,,,,,,,35824,254
Leme,SP,101537,,,,,,,,,,,,,,,,,"94,06","487,11",,,,,,,,,,,,,,95506,78
São Cristóvão,SE,101213,,,,,,,,,,,,,,,,,"26,51","37,5",,,,,,,,,,,,,,26832,278
Votuporanga,SP,100568,,,,,,,,,,,,,,,,,"96,09","540,7",,,,,,,,,,,,,,96636,74
Caçapava,SP,100071,,,,,,,,,,,,,,,,,"78,62","293,9",,,,,,,,,,,,,,78676,112
Paracatu,MG,99005,,,,,,,,,,,,,,,,,"72,45","322,71",,,,,,,,,,,,,,71729,127
Cruzeiro do Sul,AC,98916,,,,,,,,,,,,,,,,,0,0,,,,,,,,,,,,,,0,436
Serra Talhada,PE,98816,,,,,,,,,,,,,,,,,"72,34",127,,,,,,,,,,,,,,71483,128
Corumbá,MS,98751,,,,,,,,,,,,,,,,,"52,02","244,82",,,,,,,,,,,,,,51370,194
Ponta Porã,MS,98598,,,,,,,,,,,,,,,,,"55,92","322,52",,,,,,,,,,,,,,55136,178
Caieiras,SP,98549,,,,,,,,,,,,,,,,,"82,81","205,42",,,,,,,,,,,,,,81608,102
Barra do Piraí,RJ,98506,,,,,,,,,,,,,,,,,"80,92",288,,,,,,,,,,,,,,79711,110
Cajamar,SP,98365,,,,,,,,,,,,,,,,,"75,92","167,3",,,,,,,,,,,,,,74679,120
Cacoal,RO,98280,,,,,,,,,,,,,,,,,"55,45",107,,,,,,,,,,,,,,54496,182
Mairiporã,SP,97835,,,,,,,,,,,,,,,,,"32,09","98,84",,,,,,,,,,,,,,31395,266
Pato Branco,PR,97821,,,,,,,,,,,,,,,,,"91,87","447,75",,,,,,,,,,,,,,89868,90
Rio Largo,AL,97658,,,,,,,,,,,,,,,,,"15,78",45,,,,,,,,,,,,,,15410,339
Manhuaçu,MG,97328,,,,,,,,,,,,,,,,,"91,22",230,,,,,,,,,,,,,,88783,93
Ubatuba,SP,97096,,,,,,,,,,,,,,,,,"39,97","144,58",,,,,,,,,,,,,,38809,245
Lajeado,RS,96879,,,,,,,,,,,,,,,,,"2,09","6,46",,,,,,,,,,,,,,2025,412
Itajubá,MG,96855,,,,,,,,,,,,,,,,,"78,68","262,98",,,,,,,,,,,,,,76206,116
Avaré,SP,96450,,,,,,,,,,,,,,,,,"82,33","347,97",,,,,,,,,,,,,,79407,111
Paranavaí,PR,96209,,,,,,,,,,,,,,,,,"95,62","566,78",,,,,,,,,,,,,,91995,86
Tucuruí,PA,96119,,,,,,,,,,,,,,,,,0,0,,,,,,,,,,,,,,0,436
São João da Boa Vista,SP,96080,,,,,,,,,,,,,,,,,"88,81","395,27",,,,,,,,,,,,,,85329,100
Navegantes,SC,96046,,,,,,,,,,,,,,,,,0,0,,,,,,,,,,,,,,0,436
Primavera do Leste,MT,96006,,,,,,,,,,,,,,,,,"71,21","399,44",,,,,,,,,,,,,,68366,138
Guaíba,RS,95946,,,,,,,,,,,,,,,,,"31,11","204,4",,,,,,,,,,,,,,29849,271
Lucas do Rio Verde,MT,95792,,,,,,,,,,,,,,,,,"37,33","165,47",,,,,,,,,,,,,,35759,255
Mogi Mirim,SP,95742,,,,,,,,,,,,,,,,,"84,73",450,,,,,,,,,,,,,,81122,103
Saquarema,RJ,95315,,,,,,,,,,,,,,,,,"69,04","60,1",,,,,,,,,,,,,,65805,144
São João del Rei,MG,94468,,,,,,,,,,,,,,,,,"95,51","427,84",,,,,,,,,,,,,,90226,89
Patrocínio,MG,94357,,,,,,,,,,,,,,,,,"94,72",425,,,,,,,,,,,,,,89375,91
Guanambi,BA,93488,,,,,,,,,,,,,,,,,"48,9","293,2",,,,,,,,,,,,,,45716,221
Esmeraldas,MG,93103,,,,,,,,,,,,,,,,,"11,74","104,22",,,,,,,,,,,,,,10930,367
Redenção,PA,92694,,,,,,,,,,,,,,,,,"4,74","23,74",,,,,,,,,,,,,,4394,395
Gravatá,PE,92429,,,,,,,,,,,,,,,,,"20,25","118,2",,,,,,,,,,,,,,18717,322
Itapeva,SP,92393,,,,,,,,,,,,,,,,,"73,76","271,16",,,,,,,,,,,,,,68149,140
Cáceres,MT,91767,,,,,,,,,,,,,,,,,"7,94","39,5",,,,,,,,,,,,,,7286,380
Moju,PA,91760,,,,,,,,,,,,,,,,,0,0,,,,,,,,,,,,,,0,436
Unaí,MG,91320,,,,,,,,,,,,,,,,,"68,79",362,,,,,,,,,,,,,,62819,152
Caratinga,MG,90890,,,,,,,,,,,,,,,,,"62,69","178,25",,,,,,,,,,,,,,56979,173
Araripina,PE,90504,,,,,,,,,,,,,,,,,"41,2","122,89",,,,,,,,,,,,,,37288,250
Arujá,SP,90273,,,,,,,,,,,,,,,,,"71,51","246,43",,,,,,,,,,,,,,64554,148
Gurupi,TO,90209,,,,,,,,,,,,,,,,,"59,42","336,95",,,,,,,,,,,,,,53602,185
Valença,BA,90053,,,,,,,,,,,,,,,,,"69,43","115,64",,,,,,,,,,,,,,62524,153
Canaã dos Carajás,PA,89524,,,,,,,,,,,,,,,,,"30,38","453,89",,,,,,,,,,,,,,27197,277
Quixadá,CE,88846,,,,,,,,,,,,,,,,,"15,82","83,56",,,,,,,,,,,,,,14055,344
Santa Inês,MA,88249,,,,,,,,,,,,,,,,,0,0,,,,,,,,,,,,,,0,436
Pinheiro,MA,88091,,,,,,,,,,,,,,,,,0,0,,,,,,,,,,,,,,0,436
Ijuí,RS,87848,,,,,,,,,,,,,,,,,"22,25","44,64",,,,,,,,,,,,,,19546,318
Barra do Corda,MA,87757,,,,,,,,,,,,,,,,,0,0,,,,,,,,,,,,,,0,436
São Bento do Sul,SC,87661,,,,,,,,,,,,,,,,,"40,38",186,,,,,,,,,,,,,,35398,258
Lorena,SP,87468,,,,,,,,,,,,,,,,,"91,64","212,35",,,,,,,,,,,,,,80156,108
Sant'Ana do Livramento,RS,87329,,,,,,,,,,,,,,,,,"37,8","100,81",,,,,,,,,,,,,,33010,262
Concórdia,SC,87206,,,,,,,,,,,,,,,,,"22,19","60,92",,,,,,,,,,,,,,19351,319
Macaíba,RN,87056,,,,,,,,,,,,,,,,,"2,9","17,39",,,,,,,,,,,,,,2525,405
Tianguá,CE,86968,,,,,,,,,,,,,,,,,"16,36","70,44",,,,,,,,,,,,,,14228,343
Jacobina,BA,86896,,,,,,,,,,,,,,,,,"12,78","8,3",,,,,,,,,,,,,,11105,363
Picos,PI,86701,,,,,,,,,,,,,,,,,"49,22","135,41",,,,,,,,,,,,,,42674,232
Pacatuba,CE,86564,,,,,,,,,,,,,,,,,"32,11","56,3",,,,,,,,,,,,,,27796,275
Quixeramobim,CE,86431,,,,,,,,,,,,,,,,,0,0,,,,,,,,,,,,,,0,436
Itapema,SC,86116,,,,,,,,,,,,,,,,,"67,35","157,74",,,,,,,,,,,,,,57999,171
Goiana,PE,85497,,,,,,,,,,,,,,,,,"48,72","101,54",,,,,,,,,,,,,,41654,236
Aquiraz,CE,85316,,,,,,,,,,,,,,,,,"13,52","37,73",,,,,,,,,,,,,,11535,360
Seropédica,RJ,84794,,,,,,,,,,,,,,,,,"0,63",53,,,,,,,,,,,,,,534,429
Serrinha,BA,84690,,,,,,,,,,,,,,,,,"7,91","18,99",,,,,,,,,,,,,,6699,382
Chapadinha,MA,84395,,,,,,,,,,,,,,,,,0,0,,,,,,,,,,,,,,0,436
Curvelo,MG,84297,,,,,,,,,,,,,,,,,"71,62","331,1",,,,,,,,,,,,,,60374,157
São Sebastião,SP,84280,,,,,,,,,,,,,,,,,"57,71",279,,,,,,,,,,,,,,48638,208
Timóteo,MG,84172,,,,,,,,,,,,,,,,,"92,36","237,61",,,,,,,,,,,,,,77741,113
Belo Jardim,PE,84033,,,,,,,,,,,,,,,,,"29,04",165,,,,,,,,,,,,,,24403,294
Bayeux,PB,83862,,,,,,,,,,,,,,,,,"7,6","35,13",,,,,,,,,,,,,,6374,384
João Monlevade,MG,83791,,,,,,,,,,,,,,,,,"95,7","331,72",,,,,,,,,,,,,,80188,107
Biguaçu,SC,83756,,,,,,,,,,,,,,,,,0,0,,,,,,,,,,,,,,0,436
Ceará-Mirim,RN,83543,,,,,,,,,,,,,,,,,"15,51","42,8",,,,,,,,,,,,,,12958,351
Carpina,PE,83482,,,,,,,,,,,,,,,,,0,0,,,,,,,,,,,,,,0,436
Cianorte,PR,82988,,,,,,,,,,,,,,,,,"70,31","296,75",,,,,,,,,,,,,,58349,167
Arcoverde,PE,82487,,,,,,,,,,,,,,,,,"4,63","13,45",,,,,,,,,,,,,,3819,399
Três Rios,RJ,82319,,,,,,,,,,,,,,,,,"91,85",590,,,,,,,,,,,,,,75610,118
Alfenas,MG,82303,,,,,,,,,,,,,,,,,"83,54","403,81",,,,,,,,,,,,,,68756,136
Cachoeira do Sul,RS,82222,,,,,,,,,,,,,,,,,"36,93","168,25",,,,,,,,,,,,,,30365,270
Eusébio,CE,82016,,,,,,,,,,,,,,,,,"9,12","35,9",,,,,,,,,,,,,,7480,379
Goianira,GO,81495,,,,,,,,,,,,,,,,,"21,1","100,06",,,,,,,,,,,,,,17195,327
Barbalha,CE,81441,,,,,,,,,,,,,,,,,"6,46","46,34",,,,,,,,,,,,,,5261,388
São Roque,SP,81366,,,,,,,,,,,,,,,,,"48,65","202,73",,,,,,,,,,,,,,39585,244
Lagoa Santa,MG,81299,,,,,,,,,,,,,,,,,"43,8","296,69",,,,,,,,,,,,,,35609,257
Horizonte,CE,81161,,,,,,,,,,,,,,,,,"7,84","65,65",,,,,,,,,,,,,,6363,385
Matão,SP,81075,,,,,,,,,,,,,,,,,"95,16",383,,,,,,,,,,,,,,77151,114
Tefé,AM,80137,,,,,,,,,,,,,,,,,0,0,,,,,,,,,,,,,,0,436
Crateús,CE,80130,,,,,,,,,,,,,,,,,"30,7","208,22",,,,,,,,,,,,,,24600,291
Campo Limpo Paulista,SP,79781,,,,,,,,,,,,,,,,,"65,95","189,25",,,,,,,,,,,,,,52616,189
Viçosa,MG,79517,,,,,,,,,,,,,,,,,"88,85","229,4",,,,,,,,,,,,,,70651,129
Santa Rosa,RS,79488,,,,,,,,,,,,,,,,,"33,37","98,25",,,,,,,,,,,,,,26525,280
Aracati,CE,79205,,,,,,,,,,,,,,,,,"12,89","58,07",,,,,,,,,,,,,,10210,369
Santa Izabel do Pará,PA,79195,,,,,,,,,,,,,,,,,0,0,,,,,,,,,,,,,,0,436
Santo Ângelo,RS,79146,,,,,,,,,,,,,,,,,"29,64","68,35",,,,,,,,,,,,,,23459,302
Vinhedo,SP,79089,,,,,,,,,,,,,,,,,"87,14","359,97",,,,,,,,,,,,,,68918,135
Viana,ES,79043,,,,,,,,,,,,,,,,,"32,49","119,02",,,,,,,,,,,,,,25681,285
Irecê,BA,78781,,,,,,,,,,,,,,,,,"13,9","25,42",,,,,,,,,,,,,,10951,365
Gaspar,SC,78344,,,,,,,,,,,,,,,,,"2,15","5,04",,,,,,,,,,,,,,1684,416
Três Corações,MG,78291,,,,,,,,,,,,,,,,,"80,65","326,02",,,,,,,,,,,,,,63142,151
Bebedouro,SP,78257,,,,,,,,,,,,,,,,,"97,59",733,,,,,,,,,,,,,,76371,115
Esteio,RS,78144,,,,,,,,,,,,,,,,,"57,59","214,57",,,,,,,,,,,,,,45003,225
Senhor do Bonfim,BA,78090,,,,,,,,,,,,,,,,,"63,18","113,56",,,,,,,,,,,,,,49337,203
Goianésia,GO,78009,,,,,,,,,,,,,,,,,"84,21","161,18",,,,,,,,,,,,,,65691,146
Sapiranga,RS,77935,,,,,,,,,,,,,,,,,"4,54","29,11",,,,,,,,,,,,,,3538,401
Ouro Preto,MG,77914,,,,,,,,,,,,,,,,,"53,2","464,28",,,,,,,,,,,,,,41450,238
Indaial,SC,77888,,,,,,,,,,,,,,,,,"32,73","20,04",,,,,,,,,,,,,,25493,286
Ibiúna,SP,77801,,,,,,,,,,,,,,,,,"14,19","55,77",,,,,,,,,,,,,,11040,364
Telêmaco Borba,PR,77479,,,,,,,,,,,,,,,,,"96,32","289,44",,,,,,,,,,,,,,74628,121
Rio do Sul,SC,77451,,,,,,,,,,,,,,,,,0,0,,,,,,,,,,,,,,0,436
Canindé,CE,77376,,,,,,,,,,,,,,,,,"20,51","27,8",,,,,,,,,,,,,,15870,334
Cascavel,CE,76866,,,,,,,,,,,,,,,,,"2,3","5,67",,,,,,,,,,,,,,1768,414
Lins,SP,76844,,,,,,,,,,,,,,,,,"97,31","214,51",,,,,,,,,,,,,,74777,119
Grajaú,MA,76837,,,,,,,,,,,,,,,,,0,0,,,,,,,,,,,,,,0,436
Araranguá,SC,76611,,,,,,,,,,,,,,,,,"20,62","65,5",,,,,,,,,,,,,,15797,336
Cruzeiro,SP,76444,,,,,,,,,,,,,,,,,"96,37","296,96",,,,,,,,,,,,,,73669,123
Caçador,SC,76298,,,,,,,,,,,,,,,,,0,0,,,,,,,,,,,,,,0,436
Casa Nova,BA,76131,,,,,,,,,,,,,,,,,"42,69",180,,,,,,,,,,,,,,32500,264
Alenquer,PA,75882,,,,,,,,,,,,,,,,,0,0,,,,,,,,,,,,,,0,436
Rolândia,PR,75818,,,,,,,,,,,,,,,,,"60,27","271,5",,,,,,,,,,,,,,45696,223
Castro,PR,75644,,,,,,,,,,,,,,,,,"79,38","278,62",,,,,,,,,,,,,,60046,160
Pirassununga,SP,75594,,,,,,,,,,,,,,,,,"89,02",497,,,,,,,,,,,,,,67294,141
Pacajus,CE,75454,,,,,,,,,,,,,,,,,"2,17","2,84",,,,,,,,,,,,,,1637,417
Capanema,PA,75309,,,,,,,,,,,,,,,,,0,0,,,,,,,,,,,,,,0,436
Dias d'Ávila,BA,75296,,,,,,,,,,,,,,,,,"50,59","103,47",,,,,,,,,,,,,,38092,249
Tailândia,PA,75290,,,,,,,,,,,,,,,,,0,0,,,,,,,,,,,,,,0,436
Santo Antônio do Descoberto,GO,75221,,,,,,,,,,,,,,,,,"58,43","63,02",,,,,,,,,,,,,,43952,230
São Sebastião do Paraíso,MG,75179,,,,,,,,,,,,,,,,,"80,99","358,51",,,,,,,,,,,,,,60887,155
Campo Formoso,BA,75112,,,,,,,,,,,,,,,,,"3,35","2,69",,,,,,,,,,,,,,2516,406
Mineiros,GO,74999,,,,,,,,,,,,,,,,,"93,43",485,,,,,,,,,,,,,,70072,132
Itupeva,SP,74994,,,,,,,,,,,,,,,,,"66,98","83,85",,,,,,,,,,,,,,50231,199
Candeias,BA,74854,,,,,,,,,,,,,,,,,"42,89","177,01",,,,,,,,,,,,,,32105,265
Russas,CE,74834,,,,,,,,,,,,,,,,,"17,34","56,99",,,,,,,,,,,,,,12976,350
Brumado,BA,74368,,,,,,,,,,,,,,,,,"6,13","17,57",,,,,,,,,,,,,,4559,393
Alegrete,RS,74285,,,,,,,,,,,,,,,,,"21,54","72,89",,,,,,,,,,,,,,16001,332
Itapira,SP,74038,,,,,,,,,,,,,,,,,"95,14","324,31",,,,,,,,,,,,,,70440,131
Barra do Garças,MT,73878,,,,,,,,,,,,,,,,,"68,01","190,02",,,,,,,,,,,,,,50244,198
Palmeira dos Índios,AL,73621,,,,,,,,,,,,,,,,,"3,33",5,,,,,,,,,,,,,,2452,409
Coari,AM,73576,,,,,,,,,,,,,,,,,0,0,,,,,,,,,,,,,,0,436
Janaúba,MG,73555,,,,,,,,,,,,,,,,,"24,39","106,31",,,,,,,,,,,,,,17940,324
Fernandópolis,SP,73508,,,,,,,,,,,,,,,,,"92,92","347,91",,,,,,,,,,,,,,68304,139
Jaboticabal,SP,73473,,,,,,,,,,,,,,,,,"97,75","254,94",,,,,,,,,,,,,,71820,126
Tabatinga,AM,73348,,,,,,,,,,,,,,,,,0,0,,,,,,,,,,,,,,0,436
Tomé-Açu,PA,73058,,,,,,,,,,,,,,,,,0,0,,,,,,,,,,,,,,0,436
Oriximiná,PA,72889,,,,,,,,,,,,,,,,,0,0,,,,,,,,,,,,,,0,436
Farroupilha,RS,72552,,,,,,,,,,,,,,,,,0,0,,,,,,,,,,,,,,0,436
Itaitinga,CE,72512,,,,,,,,,,,,,,,,,"0,57","2,32",,,,,,,,,,,,,,413,430
Conceição do Coité,BA,71601,,,,,,,,,,,,,,,,,"3,04","6,73",,,,,,,,,,,,,,2177,410
Valença,RJ,71449,,,,,,,,,,,,,,,,,"28,03",30,,,,,,,,,,,,,,20027,316
Formiga,MG,70897,,,,,,,,,,,,,,,,,"84,84",275,,,,,,,,,,,,,,60149,159
Venâncio Aires,RS,70842,,,,,,,,,,,,,,,,,"12,54","20,25",,,,,,,,,,,,,,8884,373
Cabedelo,PB,70734,,,,,,,,,,,,,,,,,"37,19","43,51",,,,,,,,,,,,,,26306,283
Peruíbe,SP,70629,,,,,,,,,,,,,,,,,"70,82","483,02",,,,,,,,,,,,,,50019,201
Sousa,PB,70066,,,,,,,,,,,,,,,,,0,0,,,,,,,,,,,,,,0,436
Amparo,SP,69792,,,,,,,,,,,,,,,,,"72,85","238,5",,,,,,,,,,,,,,50843,196
Porto Nacional,TO,69551,,,,,,,,,,,,,,,,,"60,52","330,86",,,,,,,,,,,,,,42092,233
Igarapé-Miri,PA,69446,,,,,,,,,,,,,,,,,0,0,,,,,,,,,,,,,,0,436
Mococa,SP,69372,,,,,,,,,,,,,,,,,"83,81","173,85",,,,,,,,,,,,,,58141,169
Acaraú,CE,69317,,,,,,,,,,,,,,,,,"4,66","22,87",,,,,,,,,,,,,,3230,402
Benevides,PA,68962,,,,,,,,,,,,,,,,,0,0,,,,,,,,,,,,,,0,436
Embu-Guaçu,SP,68913,,,,,,,,,,,,,,,,,"38,23","145,65",,,,,,,,,,,,,,26345,282
Bom Jesus da Lapa,BA,68866,,,,,,,,,,,,,,,,,"32,07",690,,,,,,,,,,,,,,22085,310
Iranduba,AM,68862,,,,,,,,,,,,,,,,,0,0,,,,,,,,,,,,,,0,436
Itapetinga,BA,68724,,,,,,,,,,,,,,,,,"93,08","181,85",,,,,,,,,,,,,,63968,150
Extremoz,RN,68584,,,,,,,,,,,,,,,,,0,0,,,,,,,,,,,,,,0,436
Lençóis Paulista,SP,68568,,,,,,,,,,,,,,,,,"95,81",278,,,,,,,,,,,,,,65695,145
Ouricuri,PE,68489,,,,,,,,,,,,,,,,,0,0,,,,,,,,,,,,,,0,436
Itaberaba,BA,68425,,,,,,,,,,,,,,,,,"43,53","24,46",,,,,,,,,,,,,,29785,272
Barreirinhas,MA,68234,,,,,,,,,,,,,,,,,"7,11","22,75",,,,,,,,,,,,,,4851,390
Piripiri,PI,67887,,,,,,,,,,,,,,,,,"20,14","73,14",,,,,,,,,,,,,,13672,349
Monte Mor,SP,67832,,,,,,,,,,,,,,,,,"79,79","174,1",,,,,,,,,,,,,,54123,184
Surubim,PE,67821,,,,,,,,,,,,,,,,,"21,19","169,47",,,,,,,,,,,,,,14371,342
Cataguases,MG,67732,,,,,,,,,,,,,,,,,"75,69","188,85",,,,,,,,,,,,,,51266,195
Portel,PA,67580,,,,,,,,,,,,,,,,,0,0,,,,,,,,,,,,,,0,436
Bertioga,SP,67436,,,,,,,,,,,,,,,,,"60,28","258,73",,,,,,,,,,,,,,40650,240
Januária,MG,67123,,,,,,,,,,,,,,,,,"15,72","107,94",,,,,,,,,,,,,,10552,368
Estância,SE,67060,,,,,,,,,,,,,,,,,"10,7","11,72",,,,,,,,,,,,,,7175,381
Cristalina,GO,66827,,,,,,,,,,,,,,,,,"35,93","82,57",,,,,,,,,,,,,,24011,299
Cajazeiras,PB,66585,,,,,,,,,,,,,,,,,"17,13","23,05",,,,,,,,,,,,,,11406,361
Montenegro,RS,66352,,,,,,,,,,,,,,,,,0,0,,,,,,,,,,,,,,0,436
Maués,AM,66336,,,,,,,,,,,,,,,,,"19,3",30,,,,,,,,,,,,,,12803,353
Capão da Canoa,RS,66234,,,,,,,,,,,,,,,,,"51,46","84,26",,,,,,,,,,,,,,34084,259
Vacaria,RS,66146,,,,,,,,,,,,,,,,,"96,81",330,,,,,,,,,,,,,,64036,149
Salgueiro,PE,65946,,,,,,,,,,,,,,,,,"37,54","112,08",,,,,,,,,,,,,,24756,290
Mirassol,SP,65811,,,,,,,,,,,,,,,,,"93,6",372,,,,,,,,,,,,,,61599,154
Pesqueira,PE,65481,,,,,,,,,,,,,,,,,"75,11",210,,,,,,,,,,,,,,49183,204
Tupã,SP,65433,,,,,,,,,,,,,,,,,"89,44","315,15",,,,,,,,,,,,,,58523,165
Morada Nova,CE,65390,,,,,,,,,,,,,,,,,"2,14",4,,,,,,,,,,,,,,1399,423
Camocim,CE,65251,,,,,,,,,,,,,,,,,"37,02",104,,,,,,,,,,,,,,24156,296
Pedro Leopoldo,MG,65174,,,,,,,,,,,,,,,,,"64,22","198,08",,,,,,,,,,,,,,41855,234
Bezerros,PE,65007,,,,,,,,,,,,,,,,,0,0,,,,,,,,,,,,,,0,436
Mongaguá,SP,64845,,,,,,,,,,,,,,,,,"81,55","350,11",,,,,,,,,,,,,,52881,188
Euclides da Cunha,BA,64768,,,,,,,,,,,,,,,,,"12,65","46,6",,,,,,,,,,,,,,8193,376
Icó,CE,64745,,,,,,,,,,,,,,,,,"21,25",49,,,,,,,,,,,,,,13758,348
Campo Bom,RS,64719,,,,,,,,,,,,,,,,,"0,14","6,73",,,,,,,,,,,,,,91,435
Tauá,CE,64655,,,,,,,,,,,,,,,,,"6,07","19,09",,,,,,,,,,,,,,3925,398
São Félix do Xingu,PA,64651,,,,,,,,,,,,,,,,,0,0,,,,,,,,,,,,,,0,436
Nova Odessa,SP,64596,,,,,,,,,,,,,,,,,"92,05","295,56",,,,,,,,,,,,,,59461,161
Mariana,MG,64506,,,,,,,,,,,,,,,,,"85,65","217,5",,,,,,,,,,,,,,55249,177
Floriano,PI,64393,,,,,,,,,,,,,,,,,"24,59","64,22",,,,,,,,,,,,,,15834,335
Monte Alegre,PA,64002,,,,,,,,,,,,,,,,,0,0,,,,,,,,,,,,,,0,436
Camaquã,RS,63961,,,,,,,,,,,,,,,,,0,0,,,,,,,,,,,,,,0,436
Boituva,SP,63850,,,,,,,,,,,,,,,,,"70,23","248,37",,,,,,,,,,,,,,44842,226
Novo Repartimento,PA,63796,,,,,,,,,,,,,,,,,"3,88","12,53",,,,,,,,,,,,,,2475,407
Carazinho,RS,63670,,,,,,,,,,,,,,,,,0,0,,,,,,,,,,,,,,0,436
Içara,SC,63489,,,,,,,,,,,,,,,,,"19,16","48,73",,,,,,,,,,,,,,12164,357
Nova Mutum,MT,63455,,,,,,,,,,,,,,,,,0,0,,,,,,,,,,,,,,0,436
Humaitá,AM,63454,,,,,,,,,,,,,,,,,0,0,,,,,,,,,,,,,,0,436
Penápolis,SP,63426,,,,,,,,,,,,,,,,,"93,5","299,06",,,,,,,,,,,,,,59303,162
Caicó,RN,63338,,,,,,,,,,,,,,,,,"24,37","59,42",,,,,,,,,,,,,,15435,338
Cruz das Almas,BA,63326,,,,,,,,,,,,,,,,,"48,37","158,64",,,,,,,,,,,,,,30631,269
Acará,PA,63110,,,,,,,,,,,,,,,,,0,0,,,,,,,,,,,,,,0,436
Viçosa do Ceará,CE,62972,,,,,,,,,,,,,,,,,"30,39","30,91",,,,,,,,,,,,,,19137,320
Rolim de Moura,RO,62959,,,,,,,,,,,,,,,,,"2,26","25,09",,,,,,,,,,,,,,1423,421
Dom Eliseu,PA,62823,,,,,,,,,,,,,,,,,"0,53","2,5",,,,,,,,,,,,,,333,431
Limoeiro do Norte,CE,62623,,,,,,,,,,,,,,,,,"26,92","72,65",,,,,,,,,,,,,,16858,329
Marechal Deodoro,AL,62477,,,,,,,,,,,,,,,,,"25,44",67,,,,,,,,,,,,,,15894,333
Jaguariúna,SP,62309,,,,,,,,,,,,,,,,,"93,53",209,,,,,,,,,,,,,,58278,168
Itapecuru Mirim,MA,62264,,,,,,,,,,,,,,,,,"10,25","10,76",,,,,,,,,,,,,,6382,383
Viseu,PA,62189,,,,,,,,,,,,,,,,,0,0,,,,,,,,,,,,,,0,436
Escada,PE,62174,,,,,,,,,,,,,,,,,0,0,,,,,,,,,,,,,,0,436
Alta Floresta,MT,62158,,,,,,,,,,,,,,,,,"37,98",123,,,,,,,,,,,,,,23608,301
Ibitinga,SP,62143,,,,,,,,,,,,,,,,,"91,29","210,76",,,,,,,,,,,,,,56730,174
Trairi,CE,62004,,,,,,,,,,,,,,,,,"2,62","20,95",,,,,,,,,,,,,,1625,419
Itamaraju,BA,61999,,,,,,,,,,,,,,,,,"59,3","29,67",,,,,,,,,,,,,,36765,251
Registro,SP,61927,,,,,,,,,,,,,,,,,"72,69","227,97",,,,,,,,,,,,,,45015,224
Andradina,SP,61625,,,,,,,,,,,,,,,,,"89,16",316,,,,,,,,,,,,,,54945,181
Coroatá,MA,61337,,,,,,,,,,,,,,,,,"6,16",6,,,,,,,,,,,,,,3778,400
São Borja,RS,61311,,,,,,,,,,,,,,,,,"20,2","62,75",,,,,,,,,,,,,,12385,356
Frutal,MG,61275,,,,,,,,,,,,,,,,,"77,02","268,33",,,,,,,,,,,,,,47194,215
Cosmópolis,SP,61167,,,,,,,,,,,,,,,,,"89,92",192,,,,,,,,,,,,,,55001,180
Irati,PR,61004,,,,,,,,,,,,,,,,,"87,7","305,81",,,,,,,,,,,,,,53501,186
União dos Palmares,AL,60860,,,,,,,,,,,,,,,,,"97,4","212,5",,,,,,,,,,,,,,59278,163
Cruz Alta,RS,60454,,,,,,,,,,,,,,,,,"21,02","59,43",,,,,,,,,,,,,,12707,354
Capitão Poço,PA,60318,,,,,,,,,,,,,,,,,0,0,,,,,,,,,,,,,,0,436
Penedo,AL,60185,,,,,,,,,,,,,,,,,0,0,,,,,,,,,,,,,,0,436
São Gabriel,RS,60090,,,,,,,,,,,,,,,,,"51,77",108,,,,,,,,,,,,,,31109,267
Guarabira,PB,60057,,,,,,,,,,,,,,,,,"55,47","77,25",,,,,,,,,,,,,,33314,261
Batatais,SP,59939,,,,,,,,,,,,,,,,,"87,31",284,,,,,,,,,,,,,,52333,190
Paudalho,PE,59924,,,,,,,,,,,,,,,,,0,0,,,,,,,,,,,,,,0,436
Cachoeiras de Macacu,RJ,59861,,,,,,,,,,,,,,,,,0,0,,,,,,,,,,,,,,0,436
Ponte Nova,MG,59638,,,,,,,,,,,,,,,,,"96,88","384,5",,,,,,,,,,,,,,57777,172
Extrema,MG,59336,,,,,,,,,,,,,,,,,"41,24","98,73",,,,,,,,,,,,,,24470,293
Limoeiro,PE,59236,,,,,,,,,,,,,,,,,0,0,,,,,,,,,,,,,,0,436
Ipirá,BA,59222,,,,,,,,,,,,,,,,,"25,81","65,92",,,,,,,,,,,,,,15285,340
Rio Bonito,RJ,59126,,,,,,,,,,,,,,,,,"77,7",210,,,,,,,,,,,,,,45941,220
Açu,RN,59099,,,,,,,,,,,,,,,,,0,0,,,,,,,,,,,,,,0,436
Videira,SC,59074,,,,,,,,,,,,,,,,,"0,4","1,43",,,,,,,,,,,,,,236,433
Santa Luzia,MA,58839,,,,,,,,,,,,,,,,,0,0,,,,,,,,,,,,,,0,436
Marechal Cândido Rondon,PR,58734,,,,,,,,,,,,,,,,,"30,25","167,97",,,,,,,,,,,,,,17767,325
Tijucas,SC,58695,,,,,,,,,,,,,,,,,"41,74",90,,,,,,,,,,,,,,24499,292
Porto Feliz,SP,58605,,,,,,,,,,,,,,,,,"96,4","166,32",,,,,,,,,,,,,,56495,175
Santo Amaro,BA,58398,,,,,,,,,,,,,,,,,"42,67","72,66",,,,,,,,,,,,,,24918,289
São Gonçalo do Amarante,CE,58191,,,,,,,,,,,,,,,,,"10,9","107,81",,,,,,,,,,,,,,6343,386
Manicoré,AM,58018,,,,,,,,,,,,,,,,,0,0,,,,,,,,,,,,,,0,436
Medianeira,PR,57910,,,,,,,,,,,,,,,,,"42,05","132,26",,,,,,,,,,,,,,24351,295
Xinguara,PA,57768,,,,,,,,,,,,,,,,,"2,83","32,98",,,,,,,,,,,,,,1635,418
Pirapora,MG,57713,,,,,,,,,,,,,,,,,"46,46","148,85",,,,,,,,,,,,,,26813,279
Moreno,PE,57654,,,,,,,,,,,,,,,,,"36,1","84,15",,,,,,,,,,,,,,20813,313
São Gabriel da Cachoeira,AM,57396,,,,,,,,,,,,,,,,,0,0,,,,,,,,,,,,,,0,436
Mafra,SC,57262,,,,,,,,,,,,,,,,,0,0,,,,,,,,,,,,,,0,436
Imbituba,SC,57256,,,,,,,,,,,,,,,,,"5,48","10,34",,,,,,,,,,,,,,3138,403
Três Pontas,MG,57209,,,,,,,,,,,,,,,,,"96,21","223,01",,,,,,,,,,,,,,55041,179
Rondon do Pará,PA,57031,,,,,,,,,,,,,,,,,0,0,,,,,,,,,,,,,,0,436
Canoinhas,SC,56948,,,,,,,,,,,,,,,,,"15,82","51,26",,,,,,,,,,,,,,9009,372
Olímpia,SP,56874,,,,,,,,,,,,,,,,,"93,05","259,32",,,,,,,,,,,,,,52921,187
Baião,PA,56850,,,,,,,,,,,,,,,,,0,0,,,,,,,,,,,,,,0,436
Buriticupu,MA,56733,,,,,,,,,,,,,,,,,0,0,,,,,,,,,,,,,,0,436
São Francisco do Sul,SC,56726,,,,,,,,,,,,,,,,,"29,9","73,6",,,,,,,,,,,,,,16961,328
União da Vitória,PR,56560,,,,,,,,,,,,,,,,,"42,49","113,54",,,,,,,,,,,,,,24032,297
Palmares,PE,56475,,,,,,,,,,,,,,,,,0,0,,,,,,,,,,,,,,0,436
Tramandaí,RS,56430,,,,,,,,,,,,,,,,,"26,63","54,91",,,,,,,,,,,,,,15027,341
Itabirito,MG,56369,,,,,,,,,,,,,,,,,"82,72","224,59",,,,,,,,,,,,,,46628,216
Ribeira do Pombal,BA,56316,,,,,,,,,,,,,,,,,"2,16","2,17",,,,,,,,,,,,,,1216,425
Beberibe,CE,55977,,,,,,,,,,,,,,,,,"7,14","18,51",,,,,,,,,,,,,,3997,396
São Miguel do Guamá,PA,55970,,,,,,,,,,,,,,,,,0,0,,,,,,,,,,,,,,0,436
Granja,CE,55809,,,,,,,,,,,,,,,,,"5,38","1,86",,,,,,,,,,,,,,3003,404
Pontes e Lacerda,MT,55762,,,,,,,,,,,,,,,,,"58,48",123,,,,,,,,,,,,,,32610,263
Paraíso do Tocantins,TO,55704,,,,,,,,,,,,,,,,,"24,85","89,01",,,,,,,,,,,,,,13842,346
Jaru,RO,55682,,,,,,,,,,,,,,,,,0,0,,,,,,,,,,,,,,0,436
Óbidos,PA,55527,,,,,,,,,,,,,,,,,0,0,,,,,,,,,,,,,,0,436
Congonhas,MG,55272,,,,,,,,,,,,,,,,,"65,8","197,08",,,,,,,,,,,,,,36369,252
Santo Estêvão,BA,55146,,,,,,,,,,,,,,,,,"8,31","3,43",,,,,,,,,,,,,,4583,392
Tutóia,MA,55076,,,,,,,,,,,,,,,,,"2,48","3,43",,,,,,,,,,,,,,1366,424
Xanxerê,SC,54891,,,,,,,,,,,,,,,,,0,0,,,,,,,,,,,,,,0,436
Louveira,SP,54865,,,,,,,,,,,,,,,,,"88,62","202,62",,,,,,,,,,,,,,48621,210
Caetité,BA,54730,,,,,,,,,,,,,,,,,0,0,,,,,,,,,,,,,,0,436
Santa Isabel,SP,54691,,,,,,,,,,,,,,,,,"43,92","79,01",,,,,,,,,,,,,,24020,298
Bom Despacho,MG,54377,,,,,,,,,,,,,,,,,"81,92","246,95",,,,,,,,,,,,,,44546,228
Taquara,RS,54353,,,,,,,,,,,,,,,,,0,0,,,,,,,,,,,,,,0,436
Morrinhos,GO,54326,,,,,,,,,,,,,,,,,"66,82","200,3",,,,,,,,,,,,,,36301,253
Guapimirim,RJ,54311,,,,,,,,,,,,,,,,,0,0,,,,,,,,,,,,,,0,436
Piedade,SP,54266,,,,,,,,,,,,,,,,,"30,11","120,57",,,,,,,,,,,,,,16339,331
Juruti,PA,54255,,,,,,,,,,,,,,,,,0,0,,,,,,,,,,,,,,0,436
São Francisco,MG,54223,,,,,,,,,,,,,,,,,"32,76","106,67",,,,,,,,,,,,,,17763,326
Brejo Santo,CE,54192,,,,,,,,,,,,,,,,,44,18,,,,,,,,,,,,,,23844,300
Vigia,PA,54062,,,,,,,,,,,,,,,,,0,0,,,,,,,,,,,,,,0,436
Campo Belo,MG,54027,,,,,,,,,,,,,,,,,"92,09","224,82",,,,,,,,,,,,,,49753,202
Porto Ferreira,SP,53966,,,,,,,,,,,,,,,,,"95,81","322,29",,,,,,,,,,,,,,51705,193
Lagoa da Prata,MG,53927,,,,,,,,,,,,,,,,,"88,63","274,75",,,,,,,,,,,,,,47796,212
Inhumas,GO,53884,,,,,,,,,,,,,,,,,"76,31","106,18",,,,,,,,,,,,,,41119,239
Barra,BA,53642,,,,,,,,,,,,,,,,,"42,88",180,,,,,,,,,,,,,,23002,306
Parobé,RS,53569,,,,,,,,,,,,,,,,,0,0,,,,,,,,,,,,,,0,436
Buíque,PE,53489,,,,,,,,,,,,,,,,,"85,44","31,05",,,,,,,,,,,,,,45701,222
Artur Nogueira,SP,53467,,,,,,,,,,,,,,,,,"86,48","168,5",,,,,,,,,,,,,,46238,219
Sapé,PB,53457,,,,,,,,,,,,,,,,,"16,54","24,36",,,,,,,,,,,,,,8842,374
São José do Rio Pardo,SP,53427,,,,,,,,,,,,,,,,,"97,71",258,,,,,,,,,,,,,,52204,191
Tremembé,SP,53426,,,,,,,,,,,,,,,,,"88,81","114,43",,,,,,,,,,,,,,47448,214
São Miguel dos Campos,AL,53380,,,,,,,,,,,,,,,,,"75,49",110,,,,,,,,,,,,,,40297,241
Ibiporã,PR,53276,,,,,,,,,,,,,,,,,"95,18","278,99",,,,,,,,,,,,,,50708,197
Taquaritinga,SP,53264,,,,,,,,,,,,,,,,,"92,23","277,3",,,,,,,,,,,,,,49125,205
Viana,MA,53176,,,,,,,,,,,,,,,,,0,0,,,,,,,,,,,,,,0,436
Naviraí,MS,53014,,,,,,,,,,,,,,,,,"37,33","143,95",,,,,,,,,,,,,,19790,317
Barra Velha,SC,52860,,,,,,,,,,,,,,,,,0,0,,,,,,,,,,,,,,0,436
Delmiro Gouveia,AL,52845,,,,,,,,,,,,,,,,,"56,24","186,4",,,,,,,,,,,,,,29720,273
Tobias Barreto,SE,52783,,,,,,,,,,,,,,,,,0,0,,,,,,,,,,,,,,0,436
Guaxupé,MG,52744,,,,,,,,,,,,,,,,,"82,92","256,33",,,,,,,,,,,,,,43735,231
Leopoldina,MG,52739,,,,,,,,,,,,,,,,,"92,95",64,,,,,,,,,,,,,,49021,206
Vargem Grande Paulista,SP,52352,,,,,,,,,,,,,,,,,"44,24","89,02",,,,,,,,,,,,,,23161,304
Nova Venécia,ES,52324,,,,,,,,,,,,,,,,,"20,91","79,32",,,,,,,,,,,,,,10941,366
Itupiranga,PA,52201,,,,,,,,,,,,,,,,,"1,57","13,31",,,,,,,,,,,,,,820,427
Boa Viagem,CE,52133,,,,,,,,,,,,,,,,,"41,32","240,31",,,,,,,,,,,,,,21541,311
Araquari,SC,52079,,,,,,,,,,,,,,,,,"15,29","25,95",,,,,,,,,,,,,,7963,377
Mairinque,SP,51888,,,,,,,,,,,,,,,,,"59,52","122,27",,,,,,,,,,,,,,30884,268
Coruripe,AL,51784,,,,,,,,,,,,,,,,,"26,92","25,63",,,,,,,,,,,,,,13940,345
Campo Novo do Parecis,MT,51722,,,,,,,,,,,,,,,,,0,0,,,,,,,,,,,,,,0,436
Capivari,SP,51369,,,,,,,,,,,,,,,,,"97,47","194,83",,,,,,,,,,,,,,50069,200
Brejo da Madre de Deus,PE,51308,,,,,,,,,,,,,,,,,"94,16","62,5",,,,,,,,,,,,,,48312,211
São Bento do Una,PE,51165,,,,,,,,,,,,,,,,,"95,03","138,97",,,,,,,,,,,,,,48622,209
Tucano,BA,51016,,,,,,,,,,,,,,,,,"18,42","28,67",,,,,,,,,,,,,,9397,370
Guaramirim,SC,51009,,,,,,,,,,,,,,,,,0,0,,,,,,,,,,,,,,0,436
Canguçu,RS,50968,,,,,,,,,,,,,,,,,"35,49",56,,,,,,,,,,,,,,18089,323
Prudentópolis,PR,50946,,,,,,,,,,,,,,,,,"53,57","155,91",,,,,,,,,,,,,,27292,276
Nova Andradina,MS,50848,,,,,,,,,,,,,,,,,"39,47","100,72",,,,,,,,,,,,,,20070,315
Poções,BA,50773,,,,,,,,,,,,,,,,,0,0,,,,,,,,,,,,,,0,436
Canela,RS,50715,,,,,,,,,,,,,,,,,"18,49","36,2",,,,,,,,,,,,,,9377,371
Queimadas,PB,50698,,,,,,,,,,,,,,,,,"1,68","2,67",,,,,,,,,,,,,,852,426
Campina Grande do Sul,PR,50600,,,,,,,,,,,,,,,,,"86,95","159,09",,,,,,,,,,,,,,43997,229
Santiago,RS,50336,,,,,,,,,,,,,,,,,"97,22",8,,,,,,,,,,,,,,48937,207
Quirinópolis,GO,50329,,,,,,,,,,,,,,,,,"88,67","132,46",,,,,,,,,,,,,,44627,227
Araci,BA,50308,,,,,,,,,,,,,,,,,"41,69","119,68",,,,,,,,,,,,,,20973,312
Palmas,PR,50238,,,,,,,,,,,,,,,,,"78,92","178,37",,,,,,,,,,,,,,39648,243
Catu,BA,50109,,,,,,,,,,,,,,,,,"0,2","0,6",,,,,,,,,,,,,,100,434
Altos,PI,50094,,,,,,,,,,,,,,,,,"4,21",12,,,,,,,,,,,,,,2109,411
Jales,SP,50078,,,,,,,,,,,,,,,,,"92,99","275,09",,,,,,,,,,,,,,46568,217
São Benedito,CE,50058,,,,,,,,,,,,,,,,,"15,21","27,73",,,,,,,,,,,,,,7614,378
São José de Mipibu,RN,50053,,,,,,,,,,,,,,,,,"0,53","9,1",,,,,,,,,,,,,,265,432
,,,,,,,,,,,,,,,,,,,,,,,,,,,,,,,,,,,
,,,,,,,,,,,,,,,,,,,,,,,,,,,,,,,,,,,
,,,,,,,,,,,,,,,,,,,,,,,,,,,,,,,,,,,
,,,,,,,,,,,,,,,,,,,,,,,,,,,,,,,,,,,
Cidade,UF,Populacao,Saneamento,Nota Oportunidade Parcial (Pop x %Saneamento),,,,,,,,,,,,,,,,,,,,,,,,,,,,,,,
Cachoeiro de Itapemirim,ES,198342,"93,67",185787,,,,,,,,,,,,,,,,,,,,,,,,,,,,,,,
Guarapuava,PR,189630,"96,02",182083,,,,,,,,,,,,,,,,,,,,,,,,,,,,,,,
Santa Bárbara d'Oeste,SP,189456,"95,56",181044,,,,,,,,,,,,,,,,,,,,,,,,,,,,,,,
Itabuna,BA,196344,"89,75",176219,,,,,,,,,,,,,,,,,,,,,,,,,,,,,,,
São Caetano do Sul,SP,172693,"95,92",165647,,,,,,,,,,,,,,,,,,,,,,,,,,,,,,,
Poços de Caldas,MG,172339,"95,01",163739,,,,,,,,,,,,,,,,,,,,,,,,,,,,,,,
Ferraz de Vasconcelos,SP,186479,"86,82",161901,,,,,,,,,,,,,,,,,,,,,,,,,,,,,,,
Jaraguá do Sul,SC,199519,"78,21",156044,,,,,,,,,,,,,,,,,,,,,,,,,,,,,,,
Pindamonhangaba,SP,172681,"90,33",155983,,,,,,,,,,,,,,,,,,,,,,,,,,,,,,,
Fazenda Rio Grande,PR,165943,"89,7",148851,,,,,,,,,,,,,,,,,,,,,,,,,,,,,,,
Linhares,ES,183797,"80,64",148214,,,,,,,,,,,,,,,,,,,,,,,,,,,,,,,
Mogi Guaçu,SP,160318,"91,48",146659,,,,,,,,,,,,,,,,,,,,,,,,,,,,,,,