Ranking,Cidade,UF,Populacao,NotaOportunidadeParcial,Status,SERP_Keyword,Sociais,Diretorios,Marketplaces,SitesProprios,TotalResultadosSERP,IndiceConcorrenciaFraca,BarraConcorrenciaFraca,NotaFinal,Observacoes
1,Cachoeiro de Itapemirim,ES,198342,185787,🟢 cadastrada,desentupidora Cachoeiro de Itapemirim,2,1,0,6,9,0.3333,███░░░░░░░,247716,
2,Guarapuava,PR,189630,182083,🟢 cadastrada,desentupidora Guarapuava,1,1,0,6,8,0.2500,███░░░░░░░,227604,
3,Santa Bárbara d'Oeste,SP,189456,181044,🟢 cadastrada,desentupidora Santa Bárbara d'Oeste,1,0,0,8,9,0.1111,█░░░░░░░░░,201160,
4,Itabuna,BA,196344,176219,🟢 cadastrada,desentupidora Itabuna,2,2,0,5,9,0.4444,████░░░░░░,254539,
5,São Caetano do Sul,SP,172693,165647,🟢 cadastrada,desentupidora São Caetano do Sul,0,0,0,9,9,0.0000,░░░░░░░░░░,165647,
6,Poços de Caldas,MG,172339,163739,🟢 cadastrada,desentupidora Poços de Caldas,0,3,0,6,9,0.3333,███░░░░░░░,218319,
7,Ferraz de Vasconcelos,SP,186479,161901,🟢 cadastrada,desentupidora Ferraz de Vasconcelos,0,0,0,9,9,0.0000,░░░░░░░░░░,161901,
8,Jaraguá do Sul,SC,199519,156044,🟢 cadastrada,desentupidora Jaraguá do Sul,2,0,0,7,9,0.2222,██░░░░░░░░,190720,
9,Pindamonhangaba,SP,172681,155983,🟡 livre,desentupidora Pindamonhangaba,0,0,0,9,9,0.0000,░░░░░░░░░░,155983,
10,Fazenda Rio Grande,PR,165943,148851,🟡 livre,desentupidora Fazenda Rio Grande,1,0,0,8,9,0.1111,█░░░░░░░░░,165390,
11,Linhares,ES,183797,148214,🟢 cadastrada,desentupidora Linhares,1,1,0,6,8,0.2500,███░░░░░░░,185268,
12,Mogi Guaçu,SP,160318,146659,🟡 livre,desentupidora Mogi Guaçu,1,0,0,8,9,0.1111,█░░░░░░░░░,162954,
13,Bragança Paulista,SP,185688,140696,🟡 livre,desentupidora Bragança Paulista,0,0,0,9,9,0.0000,░░░░░░░░░░,140696,
14,Toledo,PR,160701,140694,🟡 livre,desentupidora Toledo,2,0,0,7,9,0.2222,██░░░░░░░░,171959,
15,Araucária,PR,162247,138056,🟢 cadastrada,,,,,,,,,138056,
16,Itapetininga,SP,164256,138024,🟡 livre,desentupidora Itapetininga,2,1,0,6,9,0.3333,███░░░░░░░,184032,
17,Balneário Camboriú,SC,151674,137007,🟡 livre,desentupidora Balneário Camboriú,1,0,0,8,9,0.1111,█░░░░░░░░░,152230,
18,Barra Mansa,RJ,181679,134897,🟡 livre,desentupidora Barra Mansa,2,1,0,5,8,0.3750,████░░░░░░,185483,
19,Pouso Alegre,MG,162133,134716,🟡 livre,desentupidora Pouso Alegre,0,1,0,8,9,0.1111,█░░░░░░░░░,149684,
20,Botucatu,SP,151053,134271,🟡 livre,desentupidora Botucatu,2,1,0,7,10,0.3000,███░░░░░░░,174552,
21,Patos de Minas,MG,169173,131904,🟡 livre,desentupidora Patos de Minas,2,3,0,4,9,0.5556,██████░░░░,205184,
22,Jaú,SP,137409,129357,🟡 livre,desentupidora Jaú,1,0,0,8,9,0.1111,█░░░░░░░░░,143730,
23,Itu,SP,175047,129097,🟡 livre,desentupidora Itu,0,0,0,9,9,0.0000,░░░░░░░░░░,129097,
24,Araras,SP,135744,128550,🟡 livre,desentupidora Araras,0,0,0,9,9,0.0000,░░░░░░░░░░,128550,
25,Apucarana,PR,134910,127962,🟡 livre,desentupidora Apucarana,2,1,0,6,9,0.3333,███░░░░░░░,170616,
26,Salto,SP,141111,127451,🟡 livre,desentupidora Salto,0,0,0,9,9,0.0000,░░░░░░░░░░,127451,
27,Jequié,BA,169201,127324,🟡 livre,desentupidora Jequié,1,2,0,6,9,0.3333,███░░░░░░░,169765,
28,Pinhais,PR,131255,127015,🟡 livre,desentupidora Pinhais,0,0,0,9,9,0.0000,░░░░░░░░░░,127015,
29,Sertãozinho,SP,132176,126387,🟡 livre,desentupidora Sertãozinho,0,0,0,9,9,0.0000,░░░░░░░░░░,126387,
30,Varginha,MG,143676,126262,🟡 livre,desentupidora Varginha,1,2,0,6,9,0.3333,███░░░░░░░,168349,
31,Ibirité,MG,179582,124648,🟡 livre,desentupidora Ibirité,0,0,0,10,10,0.0000,░░░░░░░░░░,124648,
32,Resende,RJ,137697,123432,🟡 livre,desentupidora Resende,1,1,0,7,9,0.2222,██░░░░░░░░,150861,
33,Votorantim,SP,133510,122402,🟡 livre,desentupidora Votorantim,0,0,0,9,9,0.0000,░░░░░░░░░░,122402,
34,Três Lagoas,MS,143523,120559,🟡 livre,desentupidora Três Lagoas,0,2,0,7,9,0.2222,██░░░░░░░░,147350,
35,Barbacena,MG,129695,120344,🟡 livre,desentupidora Barbacena,1,2,0,7,10,0.3000,███░░░░░░░,156447,
36,Franco da Rocha,SP,150241,118014,🟡 livre,desentupidora Franco da Rocha,0,0,0,9,9,0.0000,░░░░░░░░░░,118014,
37,Araguari,MG,123432,117804,🟡 livre,desentupidora Araguari,2,0,0,7,9,0.2222,██░░░░░░░░,143983,
38,Barreiras,BA,171634,117260,🟡 livre,desentupidora Barreiras,1,2,0,6,9,0.3333,███░░░░░░░,156347,
39,Umuarama,PR,123059,117078,🟡 livre,desentupidora Umuarama,2,2,0,4,8,0.5000,█████░░░░░,175617,
40,Cachoeirinha,RS,141503,116839,🟡 livre,desentupidora Cachoeirinha,1,0,0,9,10,0.1000,█░░░░░░░░░,128523,
41,Paranaguá,PR,150104,116796,🟡 livre,desentupidora Paranaguá,2,0,0,7,9,0.2222,██░░░░░░░░,142751,
42,Barretos,SP,126957,116750,🟡 livre,desentupidora Barretos,1,0,0,8,9,0.1111,█░░░░░░░░░,129722,
43,Francisco Morato,SP,171476,114872,🟡 livre,desentupidora Francisco Morato,0,0,0,9,9,0.0000,░░░░░░░░░░,114872,
44,Valinhos,SP,132258,112499,🟡 livre,desentupidora Valinhos,1,0,0,8,9,0.1111,█░░░░░░░░░,124999,
45,Catanduva,SP,119275,111999,🟡 livre,desentupidora Catanduva,2,0,0,7,9,0.2222,██░░░░░░░░,136888,
46,Paulínia,SP,116674,110537,🟡 livre,desentupidora Paulínia,0,0,0,9,9,0.0000,░░░░░░░░░░,110537,
47,Vespasiano,MG,138583,109106,🟡 livre,desentupidora Vespasiano,1,0,0,8,9,0.1111,█░░░░░░░░░,121229,
48,Guaratinguetá,SP,121916,108322,🟡 livre,desentupidora Guaratinguetá,1,1,0,7,9,0.2222,██░░░░░░░░,132394,
49,Birigui,SP,123340,107244,🟡 livre,desentupidora Birigui,2,0,0,7,9,0.2222,██░░░░░░░░,131076,
50,Cambé,PR,110923,107196,🟡 livre,desentupidora Cambé,0,0,0,9,9,0.0000,░░░░░░░░░░,107196,
51,Jandira,SP,121550,107037,🟡 livre,desentupidora Jandira,1,0,0,8,9,0.1111,█░░░░░░░░░,118930,
52,Uruguaiana,RS,120819,106973,🟡 livre,desentupidora Uruguaiana,2,1,0,5,8,0.3750,████░░░░░░,147088,
53,Piraquara,PR,127433,105718,🟡 livre,desentupidora Piraquara,1,0,0,8,9,0.1111,█░░░░░░░░░,117464,
54,Colatina,ES,129301,105587,🟡 livre,desentupidora Colatina,1,1,0,7,9,0.2222,██░░░░░░░░,129051,
55,Caraguatatuba,SP,142248,105278,🟡 livre,desentupidora Caraguatatuba,0,0,0,9,9,0.0000,░░░░░░░░░░,105278,
56,Arapongas,PR,124838,105014,🟡 livre,desentupidora Arapongas,2,0,0,7,9,0.2222,██░░░░░░░░,128350,
57,Tatuí,SP,129130,104337,🟡 livre,desentupidora Tatuí,2,1,0,6,9,0.3333,███░░░░░░░,139116,
58,Porto Seguro,BA,182630,104026,🟢 cadastrada,,,,,,,,,104026,
59,Passos,MG,116951,103817,🟡 livre,desentupidora Passos,1,2,0,5,8,0.3750,████░░░░░░,142748,
60,Ilhéus,BA,189149,103767,🟡 livre,desentupidora Ilhéus,3,1,0,6,10,0.4000,████░░░░░░,145274,
61,Poá,SP,106355,103760,🟡 livre,desentupidora Poá,0,0,0,9,9,0.0000,░░░░░░░░░░,103760,
62,Formosa,GO,121559,103471,🟡 livre,desentupidora Formosa,1,0,0,8,9,0.1111,█░░░░░░░░░,114968,
63,Itumbiara,GO,113322,103327,🟡 livre,desentupidora Itumbiara,1,0,0,7,8,0.1250,█░░░░░░░░░,116243,
64,Itabira,MG,118053,102198,🟡 livre,desentupidora Itabira,2,2,0,4,8,0.5000,█████░░░░░,153297,
65,Araxá,MG,118786,101978,🟡 livre,desentupidora Araxá,2,0,0,5,7,0.2857,███░░░░░░░,131115,
66,Assis,SP,104858,100527,🟡 livre,desentupidora Assis,2,0,0,7,9,0.2222,██░░░░░░░░,122866,
67,Ourinhos,SP,106911,100368,🟡 livre,desentupidora Ourinhos,1,1,0,7,9,0.2222,██░░░░░░░░,122672,
68,Santana de Parnaíba,SP,163787,100336,🟡 livre,desentupidora Santana de Parnaíba,0,0,0,9,9,0.0000,░░░░░░░░░░,100336,
69,Araruama,RJ,137906,99610,🟡 livre,desentupidora Araruama,0,1,0,8,9,0.1111,█░░░░░░░░░,110678,
70,Campo Mourão,PR,104122,99426,🟡 livre,desentupidora Campo Mourão,2,0,0,6,8,0.2500,███░░░░░░░,124283,
71,Várzea Paulista,SP,119655,98943,🟡 livre,desentupidora Várzea Paulista,0,0,0,9,9,0.0000,░░░░░░░░░░,98943,
72,Trindade,GO,153560,98877,🟡 livre,desentupidora Trindade,2,1,0,6,9,0.3333,███░░░░░░░,131836,
73,Conselheiro Lafaiete,MG,138946,97082,🟡 livre,desentupidora Conselheiro Lafaiete,2,1,0,6,9,0.3333,███░░░░░░░,129443,
74,Votuporanga,SP,100568,96636,🟡 livre,desentupidora Votuporanga,1,0,0,9,10,0.1000,█░░░░░░░░░,106300,
75,Pará de Minas,MG,102844,96632,🟡 livre,desentupidora Pará de Minas,1,0,0,7,8,0.1250,█░░░░░░░░░,108711,
76,Campo Largo,PR,144504,96442,🟡 livre,desentupidora Campo Largo,0,0,0,9,9,0.0000,░░░░░░░░░░,96442,
77,Muriaé,MG,108447,95889,🟡 livre,desentupidora Muriaé,1,1,0,4,6,0.3333,███░░░░░░░,127852,
78,Leme,SP,101537,95506,🟡 livre,desentupidora Leme,1,0,0,8,9,0.1111,█░░░░░░░░░,106118,
79,Jataí,GO,111634,94822,🟡 livre,desentupidora Jataí,2,0,0,7,9,0.2222,██░░░░░░░░,115894,
80,Itatiba,SP,127112,94520,🟡 livre,desentupidora Itatiba,1,0,0,8,9,0.1111,█░░░░░░░░░,105022,
81,Ituiutaba,MG,106775,93353,🟡 livre,desentupidora Ituiutaba,1,2,0,6,9,0.3333,███░░░░░░░,124471,
82,Itaúna,MG,103272,93120,🟡 livre,desentupidora Itaúna,1,0,0,7,8,0.1250,█░░░░░░░░░,104760,
83,Itapecerica da Serra,SP,163003,92961,🟡 livre,desentupidora Itapecerica da Serra,0,0,0,9,9,0.0000,░░░░░░░░░░,92961,
84,Lavras,MG,110682,92895,🟡 livre,desentupidora Lavras,2,1,0,6,9,0.3333,███░░░░░░░,123860,
85,Angra dos Reis,RJ,179142,92079,🟡 livre,desentupidora Angra dos Reis,3,1,0,5,9,0.4444,████░░░░░░,133003,
86,Paranavaí,PR,96209,91995,🟡 livre,desentupidora Paranavaí,0,0,0,9,9,0.0000,░░░░░░░░░░,91995,
87,Itaperuna,RJ,107297,91557,🟡 livre,desentupidora Itaperuna,1,0,0,8,9,0.1111,█░░░░░░░░░,101730,
88,Ribeirão Pires,SP,118954,90453,🟡 livre,desentupidora Ribeirão Pires,0,0,0,9,9,0.0000,░░░░░░░░░░,90453,
89,São João del Rei,MG,94468,90226,🟡 livre,desentupidora São João del Rei,1,0,0,8,9,0.1111,█░░░░░░░░░,100251,
90,Pato Branco,PR,97821,89868,🟡 livre,desentupidora Pato Branco,3,1,0,4,8,0.5000,█████░░░░░,134802,
91,Patrocínio,MG,94357,89375,🟡 livre,desentupidora Patrocínio,2,0,0,7,9,0.2222,██░░░░░░░░,109236,
92,Atibaia,SP,167161,89147,🟡 livre,desentupidora Atibaia,1,0,0,8,9,0.1111,█░░░░░░░░░,99052,
93,Manhuaçu,MG,97328,88783,🟡 livre,desentupidora Manhuaçu,1,1,0,7,9,0.2222,██░░░░░░░░,108513,
94,Teófilo Otoni,MG,142851,88225,🟡 livre,desentupidora Teófilo Otoni,2,3,0,4,9,0.5556,██████░░░░,137239,
95,Planaltina,GO,112304,86901,🟡 livre,desentupidora Planaltina,0,0,1,8,9,0.1111,█░░░░░░░░░,96557,
96,Ubá,MG,107423,86411,🟡 livre,desentupidora Ubá,2,2,0,5,9,0.4444,████░░░░░░,124816,
97,Sabará,MG,134576,86384,🟡 livre,desentupidora Sabará,0,0,0,9,9,0.0000,░░░░░░░░░░,86384,
98,Coronel Fabriciano,MG,108708,86347,🟡 livre,desentupidora Coronel Fabriciano,1,0,0,8,9,0.1111,█░░░░░░░░░,95941,
99,Teixeira de Freitas,BA,153738,85694,🟡 livre,desentupidora Teixeira de Freitas,1,2,0,6,9,0.3333,███░░░░░░░,114259,
100,São João da Boa Vista,SP,96080,85329,🟡 livre,desentupidora São João da Boa Vista,1,0,0,7,8,0.1250,█░░░░░░░░░,95995,
101,São Pedro da Aldeia,RJ,110677,81956,🟡 livre,desentupidora São Pedro da Aldeia,1,1,0,7,9,0.2222,██░░░░░░░░,100168,
102,Caieiras,SP,98549,81608,🟡 livre,desentupidora Caieiras,0,1,0,8,9,0.1111,█░░░░░░░░░,90676,
103,Mogi Mirim,SP,95742,81122,🟡 livre,desentupidora Mogi Mirim,1,0,0,8,9,0.1111,█░░░░░░░░░,90136,
104,Francisco Beltrão,PR,102312,80816,🟡 livre,desentupidora Francisco Beltrão,3,0,0,5,8,0.3750,████░░░░░░,111122,
105,Nova Serrana,MG,114791,80767,🟡 livre,desentupidora Nova Serrana,2,0,0,6,8,0.2500,███░░░░░░░,100959,
106,Aracruz,ES,103363,80499,🟡 livre,desentupidora Aracruz,2,0,0,7,9,0.2222,██░░░░░░░░,98388,
107,João Monlevade,MG,83791,80188,🟡 livre,desentupidora João Monlevade,1,0,0,7,8,0.1250,█░░░░░░░░░,90212,
108,Lorena,SP,87468,80156,🟡 livre,desentupidora Lorena,0,0,0,9,9,0.0000,░░░░░░░░░░,80156,
109,Alvorada,RS,194062,80012,🟡 livre,desentupidora Alvorada,2,0,0,8,10,0.2000,██░░░░░░░░,96014,
110,Barra do Piraí,RJ,98506,79711,🟡 livre,desentupidora Barra do Piraí,1,0,0,8,9,0.1111,█░░░░░░░░░,88568,
111,Avaré,SP,96450,79407,🟡 livre,desentupidora Avaré,1,1,0,6,8,0.2500,███░░░░░░░,99259,
112,Caçapava,SP,100071,78676,🟡 livre,desentupidora Caçapava,0,0,0,9,9,0.0000,░░░░░░░░░░,78676,
113,Timóteo,MG,84172,77741,🟡 livre,desentupidora Timóteo,4,0,0,5,9,0.4444,████░░░░░░,112293,
114,Matão,SP,81075,77151,🟡 livre,desentupidora Matão,0,0,0,9,9,0.0000,░░░░░░░░░░,77151,
115,Bebedouro,SP,78257,76371,🟡 livre,desentupidora Bebedouro,1,0,0,9,10,0.1000,█░░░░░░░░░,84008,
116,Itajubá,MG,96855,76206,🟡 livre,desentupidora Itajubá,1,0,0,8,9,0.1111,█░░░░░░░░░,84673,
117,Bagé,RS,121928,75790,🟡 livre,desentupidora Bagé,2,2,0,4,8,0.5000,█████░░░░░,113685,
118,Três Rios,RJ,82319,75610,🟡 livre,desentupidora Três Rios,0,0,0,9,9,0.0000,░░░░░░░░░░,75610,
119,Lins,SP,76844,74777,🟡 livre,desentupidora Lins,2,0,0,7,9,0.2222,██░░░░░░░░,91394,
120,Cajamar,SP,98365,74679,🟡 livre,desentupidora Cajamar,1,0,0,8,9,0.1111,█░░░░░░░░░,82977,
121,Telêmaco Borba,PR,77479,74628,🟡 livre,desentupidora Telêmaco Borba,3,1,0,6,10,0.4000,████░░░░░░,104479,
122,Almirante Tamandaré,PR,125861,73729,🟡 livre,desentupidora Almirante Tamandaré,1,0,0,9,10,0.1000,█░░░░░░░░░,81102,
123,Cruzeiro,SP,76444,73669,🟡 livre,desentupidora Cruzeiro,0,0,0,9,9,0.0000,░░░░░░░░░░,73669,
124,São Mateus,ES,134423,73597,🟡 livre,desentupidora São Mateus,0,0,0,9,9,0.0000,░░░░░░░░░░,73597,
125,Catalão,GO,122760,72441,🟡 livre,desentupidora Catalão,1,2,0,6,9,0.3333,███░░░░░░░,96588,
126,Jaboticabal,SP,73473,71820,🟡 livre,desentupidora Jaboticabal,0,0,0,9,9,0.0000,░░░░░░░░░░,71820,
127,Paracatu,MG,99005,71729,🟡 livre,desentupidora Paracatu,2,1,0,6,9,0.3333,███░░░░░░░,95639,
128,Serra Talhada,PE,98816,71483,🟡 livre,desentupidora Serra Talhada,1,0,0,8,9,0.1111,█░░░░░░░░░,79426,
129,Viçosa,MG,79517,70651,🟡 livre,desentupidora Viçosa,2,0,0,7,9,0.2222,██░░░░░░░░,86351,
130,Luís Eduardo Magalhães,BA,118382,70496,🟡 livre,desentupidora Luís Eduardo Magalhães,1,3,0,5,9,0.4444,████░░░░░░,101828,
131,Itapira,SP,74038,70440,🟡 livre,desentupidora Itapira,2,0,0,7,9,0.2222,██░░░░░░░░,86093,
132,Mineiros,GO,74999,70072,🟡 livre,desentupidora Mineiros,1,3,0,5,9,0.4444,████░░░░░░,101215,
133,Lages,SC,172458,69725,🟡 livre,desentupidora Lages,2,1,0,7,10,0.3000,███░░░░░░░,90643,
134,Sarandi,PR,128106,69331,🟡 livre,desentupidora Sarandi,2,0,0,7,9,0.2222,██░░░░░░░░,84738,
135,Vinhedo,SP,79089,68918,🟡 livre,desentupidora Vinhedo,0,0,0,9,9,0.0000,░░░░░░░░░░,68918,
136,Alfenas,MG,82303,68756,🟡 livre,desentupidora Alfenas,1,0,0,8,9,0.1111,█░░░░░░░░░,76396,
137,Rio Grande,RS,198935,68573,🟡 livre,desentupidora Rio Grande,3,1,0,5,9,0.4444,████░░░░░░,99050,
138,Primavera do Leste,MT,96006,68366,🟡 livre,desentupidora Primavera do Leste,3,1,0,5,9,0.4444,████░░░░░░,98751,
139,Fernandópolis,SP,73508,68304,🟡 livre,desentupidora Fernandópolis,3,0,0,7,10,0.3000,███░░░░░░░,88795,
140,Itapeva,SP,92393,68149,🟡 livre,desentupidora Itapeva,1,0,0,8,9,0.1111,█░░░░░░░░░,75721,
141,Pirassununga,SP,75594,67294,🟡 livre,desentupidora Pirassununga,0,0,0,9,9,0.0000,░░░░░░░░░░,67294,
142,Parnaíba,PI,170491,66611,🟡 livre,desentupidora Parnaíba,2,0,0,7,9,0.2222,██░░░░░░░░,81413,
143,Cubatão,SP,114870,66131,🟡 livre,desentupidora Cubatão,0,0,0,10,10,0.0000,░░░░░░░░░░,66131,
144,Saquarema,RJ,95315,65805,🟡 livre,desentupidora Saquarema,1,0,0,8,9,0.1111,█░░░░░░░░░,73117,
145,Lençóis Paulista,SP,68568,65695,🟡 livre,desentupidora Lençóis Paulista,2,1,0,7,10,0.3000,███░░░░░░░,85404,
146,Goianésia,GO,78009,65691,🟡 livre,desentupidora Goianésia,1,0,0,7,8,0.1250,█░░░░░░░░░,73902,
147,Guarapari,ES,136311,65579,🟡 livre,desentupidora Guarapari,1,0,0,6,7,0.1429,█░░░░░░░░░,74947,
148,Arujá,SP,90273,64554,🟡 livre,desentupidora Arujá,0,0,0,9,9,0.0000,░░░░░░░░░░,64554,
149,Vacaria,RS,66146,64036,🟡 livre,desentupidora Vacaria,2,1,0,6,9,0.3333,███░░░░░░░,85381,
150,Itapetinga,BA,68724,63968,🟡 livre,desentupidora Itapetinga,1,0,0,8,9,0.1111,█░░░░░░░░░,71076,
151,Três Corações,MG,78291,63142,🟡 livre,desentupidora Três Corações,0,0,0,9,9,0.0000,░░░░░░░░░░,63142,
152,Unaí,MG,91320,62819,🟡 livre,desentupidora Unaí,3,1,0,4,8,0.5000,█████░░░░░,94229,
153,Valença,BA,90053,62524,🟡 livre,desentupidora Valença,2,0,0,6,8,0.2500,███░░░░░░░,78155,
154,Mirassol,SP,65811,61599,🟡 livre,desentupidora Mirassol,0,0,0,9,9,0.0000,░░░░░░░░░░,61599,
155,São Sebastião do Paraíso,MG,75179,60887,🟡 livre,desentupidora São Sebastião do Paraíso,0,1,0,8,9,0.1111,█░░░░░░░░░,67652,
156,Sorriso,MT,124665,60712,🟡 livre,desentupidora Sorriso,2,0,0,6,8,0.2500,███░░░░░░░,75890,
157,Curvelo,MG,84297,60374,🟡 livre,desentupidora Curvelo,1,1,0,7,9,0.2222,██░░░░░░░░,73790,
158,Altamira,PA,138749,60189,🟡 livre,desentupidora Altamira,3,2,0,4,9,0.5556,██████░░░░,93627,
159,Formiga,MG,70897,60149,🟡 livre,desentupidora Formiga,1,0,0,7,8,0.1250,█░░░░░░░░░,67668,
160,Castro,PR,75644,60046,🟡 livre,desentupidora Castro,2,0,0,7,9,0.2222,██░░░░░░░░,73390,
161,Nova Odessa,SP,64596,59461,🟡 livre,desentupidora Nova Odessa,0,0,0,9,9,0.0000,░░░░░░░░░░,59461,
162,Penápolis,SP,63426,59303,🟡 livre,desentupidora Penápolis,0,0,0,9,9,0.0000,░░░░░░░░░░,59303,
163,União dos Palmares,AL,60860,59278,🟡 livre,desentupidora União dos Palmares,1,0,0,7,8,0.1250,█░░░░░░░░░,66688,
164,Alagoinhas,BA,161196,58740,🟡 livre,desentupidora Alagoinhas,1,1,0,6,8,0.2500,███░░░░░░░,73425,
165,Tupã,SP,65433,58523,🟡 livre,desentupidora Tupã,1,0,0,8,9,0.1111,█░░░░░░░░░,65026,
166,Itanhaém,SP,118495,58477,🟡 livre,desentupidora Itanhaém,0,0,0,9,9,0.0000,░░░░░░░░░░,58477,
167,Cianorte,PR,82988,58349,🟡 livre,desentupidora Cianorte,3,0,0,7,10,0.3000,███░░░░░░░,75854,
168,Jaguariúna,SP,62309,58278,🟡 livre,desentupidora Jaguariúna,1,0,0,8,9,0.1111,█░░░░░░░░░,64753,
169,Mococa,SP,69372,58141,🟡 livre,desentupidora Mococa,1,0,0,8,9,0.1111,█░░░░░░░░░,64601,
170,Timon,MA,182711,58011,🟡 livre,desentupidora Timon,3,0,0,5,8,0.3750,████░░░░░░,79765,
171,Itapema,SC,86116,57999,🟡 livre,desentupidora Itapema,1,0,0,9,10,0.1000,█░░░░░░░░░,63799,
172,Ponte Nova,MG,59638,57777,🟡 livre,desentupidora Ponte Nova,1,0,0,8,9,0.1111,█░░░░░░░░░,64197,
173,Caratinga,MG,90890,56979,🟡 livre,desentupidora Caratinga,2,0,0,7,9,0.2222,██░░░░░░░░,69641,
174,Ibitinga,SP,62143,56730,🟡 livre,desentupidora Ibitinga,1,0,0,8,9,0.1111,█░░░░░░░░░,63033,
175,Porto Feliz,SP,58605,56495,🟡 livre,desentupidora Porto Feliz,2,0,0,8,10,0.2000,██░░░░░░░░,67794,
176,Araguaína,TO,183024,56225,🟡 livre,desentupidora Araguaína,1,1,0,7,9,0.2222,██░░░░░░░░,68719,
177,Mariana,MG,64506,55249,🟡 livre,desentupidora Mariana,1,0,0,8,9,0.1111,█░░░░░░░░░,61388,
178,Ponta Porã,MS,98598,55136,🟡 livre,desentupidora Ponta Porã,1,2,0,6,9,0.3333,███░░░░░░░,73515,
179,Três Pontas,MG,57209,55041,🟡 livre,desentupidora Três Pontas,0,1,0,8,9,0.1111,█░░░░░░░░░,61157,
180,Cosmópolis,SP,61167,55001,🟡 livre,desentupidora Cosmópolis,1,0,0,8,9,0.1111,█░░░░░░░░░,61112,
181,Andradina,SP,61625,54945,🟡 livre,desentupidora Andradina,1,0,0,8,9,0.1111,█░░░░░░░░░,61050,
182,Cacoal,RO,98280,54496,🟡 livre,desentupidora Cacoal,2,1,0,6,9,0.3333,███░░░░░░░,72661,
183,Caldas Novas,GO,106820,54168,🟡 livre,desentupidora Caldas Novas,2,0,0,7,9,0.2222,██░░░░░░░░,66205,
184,Monte Mor,SP,67832,54123,🟡 livre,desentupidora Monte Mor,1,0,0,8,9,0.1111,█░░░░░░░░░,60137,
185,Gurupi,TO,90209,53602,🟡 livre,desentupidora Gurupi,2,0,0,7,9,0.2222,██░░░░░░░░,65514,
186,Irati,PR,61004,53501,🟡 livre,desentupidora Irati,2,0,0,7,9,0.2222,██░░░░░░░░,65390,
187,Olímpia,SP,56874,52921,🟡 livre,desentupidora Olímpia,0,0,0,9,9,0.0000,░░░░░░░░░░,52921,
188,Mongaguá,SP,64845,52881,🟡 livre,desentupidora Mongaguá,0,0,0,9,9,0.0000,░░░░░░░░░░,52881,
189,Campo Limpo Paulista,SP,79781,52616,🟡 livre,desentupidora Campo Limpo Paulista,0,0,0,8,8,0.0000,░░░░░░░░░░,52616,
190,Batatais,SP,59939,52333,🟡 livre,desentupidora Batatais,0,0,0,9,9,0.0000,░░░░░░░░░░,52333,
191,São José do Rio Pardo,SP,53427,52204,🟡 livre,desentupidora São José do Rio Pardo,2,1,0,7,10,0.3000,███░░░░░░░,67865,
192,Paço do Lumiar,MA,153158,52089,🟡 livre,desentupidora Paço do Lumiar,1,0,1,6,8,0.2500,███░░░░░░░,65111,
193,Porto Ferreira,SP,53966,51705,🟡 livre,desentupidora Porto Ferreira,1,0,0,8,9,0.1111,█░░░░░░░░░,57450,
194,Corumbá,MS,98751,51370,🟡 livre,desentupidora Corumbá,1,1,0,8,10,0.2000,██░░░░░░░░,61644,
195,Cataguases,MG,67732,51266,🟡 livre,desentupidora Cataguases,2,0,0,5,7,0.2857,███░░░░░░░,65913,
196,Amparo,SP,69792,50843,🟡 livre,desentupidora Amparo,0,0,0,9,9,0.0000,░░░░░░░░░░,50843,
197,Ibiporã,PR,53276,50708,🟡 livre,desentupidora Ibiporã,1,0,0,8,9,0.1111,█░░░░░░░░░,56342,
198,Barra do Garças,MT,73878,50244,🟡 livre,desentupidora Barra do Garças,2,1,0,5,8,0.3750,████░░░░░░,69086,
199,Itupeva,SP,74994,50231,🟡 livre,desentupidora Itupeva,0,0,0,9,9,0.0000,░░░░░░░░░░,50231,
200,Capivari,SP,51369,50069,🟡 livre,desentupidora Capivari,1,0,0,8,9,0.1111,█░░░░░░░░░,55632,
201,Peruíbe,SP,70629,50019,🟡 livre,desentupidora Peruíbe,0,0,0,9,9,0.0000,░░░░░░░░░░,50019,
202,Campo Belo,MG,54027,49753,🟡 livre,desentupidora Campo Belo,0,0,0,9,9,0.0000,░░░░░░░░░░,49753,
203,Senhor do Bonfim,BA,78090,49337,🟡 livre,desentupidora Senhor do Bonfim,0,2,0,7,9,0.2222,██░░░░░░░░,60301,
204,Pesqueira,PE,65481,49183,🟡 livre,desentupidora Pesqueira,1,0,0,8,9,0.1111,█░░░░░░░░░,54648,
205,Taquaritinga,SP,53264,49125,🟡 livre,desentupidora Taquaritinga,1,0,0,8,9,0.1111,█░░░░░░░░░,54583,
206,Leopoldina,MG,52739,49021,🟡 livre,desentupidora Leopoldina,0,0,0,9,9,0.0000,░░░░░░░░░░,49021,
207,Santiago,RS,50336,48937,🟡 livre,desentupidora Santiago,3,0,0,6,9,0.3333,███░░░░░░░,65249,
208,São Sebastião,SP,84280,48638,🟡 livre,desentupidora São Sebastião,0,0,0,9,9,0.0000,░░░░░░░░░░,48638,
209,São Bento do Una,PE,51165,48622,🟡 livre,desentupidora São Bento do Una,0,0,0,8,8,0.0000,░░░░░░░░░░,48622,
210,Louveira,SP,54865,48621,🟡 livre,desentupidora Louveira,1,0,0,8,9,0.1111,█░░░░░░░░░,54023,
211,Brejo da Madre de Deus,PE,51308,48312,🟡 livre,desentupidora Brejo da Madre de Deus,0,0,0,9,9,0.0000,░░░░░░░░░░,48312,
212,Lagoa da Prata,MG,53927,47796,🟡 livre,desentupidora Lagoa da Prata,0,0,0,9,9,0.0000,░░░░░░░░░░,47796,
213,Tubarão,SC,116725,47472,🟡 livre,desentupidora Tubarão,2,1,0,7,10,0.3000,███░░░░░░░,61714,
214,Tremembé,SP,53426,47448,🟡 livre,desentupidora Tremembé,0,0,0,9,9,0.0000,░░░░░░░░░░,47448,
215,Frutal,MG,61275,47194,🟡 livre,desentupidora Frutal,4,0,0,5,9,0.4444,████░░░░░░,68169,
216,Itabirito,MG,56369,46628,🟡 livre,desentupidora Itabirito,1,0,0,8,9,0.1111,█░░░░░░░░░,51809,
217,Jales,SP,50078,46568,🟡 livre,desentupidora Jales,1,0,0,8,9,0.1111,█░░░░░░░░░,51742,
218,Novo Gama,GO,107663,46414,🟡 livre,desentupidora Novo Gama,1,0,0,8,9,0.1111,█░░░░░░░░░,51571,
219,Artur Nogueira,SP,53467,46238,🟡 livre,desentupidora Artur Nogueira,0,0,0,9,9,0.0000,░░░░░░░░░░,46238,
220,Rio Bonito,RJ,59126,45941,🟡 livre,desentupidora Rio Bonito,1,0,0,8,9,0.1111,█░░░░░░░░░,51046,
221,Guanambi,BA,93488,45716,🟡 livre,desentupidora Guanambi,1,0,0,8,9,0.1111,█░░░░░░░░░,50796,
222,Buíque,PE,53489,45701,🟡 livre,desentupidora Buíque,1,0,0,7,8,0.1250,█░░░░░░░░░,51414,
223,Rolândia,PR,75818,45696,🟡 livre,desentupidora Rolândia,1,1,0,7,9,0.2222,██░░░░░░░░,55851,
224,Registro,SP,61927,45015,🟡 livre,desentupidora Registro,1,0,0,7,8,0.1250,█░░░░░░░░░,50642,
225,Esteio,RS,78144,45003,🟡 livre,desentupidora Esteio,1,0,0,8,9,0.1111,█░░░░░░░░░,50003,
226,Boituva,SP,63850,44842,🟡 livre,desentupidora Boituva,1,0,0,8,9,0.1111,█░░░░░░░░░,49824,
227,Quirinópolis,GO,50329,44627,🟡 livre,desentupidora Quirinópolis,2,0,0,6,8,0.2500,███░░░░░░░,55784,
228,Bom Despacho,MG,54377,44546,🟡 livre,desentupidora Bom Despacho,2,0,0,7,9,0.2222,██░░░░░░░░,54445,
229,Campina Grande do Sul,PR,50600,43997,🟡 livre,desentupidora Campina Grande do Sul,1,0,0,8,9,0.1111,█░░░░░░░░░,48886,
230,Santo Antônio do Descoberto,GO,75221,43952,🟡 livre,desentupidora Santo Antônio do Descoberto,0,1,0,8,9,0.1111,█░░░░░░░░░,48836,
231,Guaxupé,MG,52744,43735,🟡 livre,desentupidora Guaxupé,1,2,0,7,10,0.3000,███░░░░░░░,56856,
232,Picos,PI,86701,42674,🟡 livre,desentupidora Picos,1,1,0,6,8,0.2500,███░░░░░░░,53343,
233,Porto Nacional,TO,69551,42092,🟡 livre,desentupidora Porto Nacional,2,0,1,6,9,0.3333,███░░░░░░░,56123,
234,Pedro Leopoldo,MG,65174,41855,🟡 livre,desentupidora Pedro Leopoldo,0,0,0,9,9,0.0000,░░░░░░░░░░,41855,
235,Simões Filho,BA,120419,41797,🟡 livre,desentupidora Simões Filho,0,0,0,9,9,0.0000,░░░░░░░░░░,41797,
236,Goiana,PE,85497,41654,🟡 livre,desentupidora Goiana,1,0,0,8,9,0.1111,█░░░░░░░░░,46282,
237,Rio das Ostras,RJ,168455,41558,🟡 livre,desentupidora Rio das Ostras,2,2,0,3,7,0.5714,██████░░░░,65305,
238,Ouro Preto,MG,77914,41450,🟡 livre,desentupidora Ouro Preto,1,0,0,8,9,0.1111,█░░░░░░░░░,46056,
239,Inhumas,GO,53884,41119,🟡 livre,desentupidora Inhumas,2,1,0,5,8,0.3750,████░░░░░░,56539,
240,Bertioga,SP,67436,40650,🟡 livre,desentupidora Bertioga,1,0,0,9,10,0.1000,█░░░░░░░░░,44715,
241,São Miguel dos Campos,AL,53380,40297,🟡 livre,desentupidora São Miguel dos Campos,0,0,0,9,9,0.0000,░░░░░░░░░░,40297,
242,São Gonçalo do Amarante,RN,124495,39764,🟡 livre,desentupidora São Gonçalo do Amarante,0,0,0,8,8,0.0000,░░░░░░░░░░,39764,
243,Palmas,PR,50238,39648,🟡 livre,desentupidora Palmas,2,1,0,6,9,0.3333,███░░░░░░░,52864,
244,São Roque,SP,81366,39585,🟡 livre,desentupidora São Roque,0,0,0,9,9,0.0000,░░░░░░░░░░,39585,
245,Ubatuba,SP,97096,38809,🟡 livre,desentupidora Ubatuba,1,0,0,8,9,0.1111,█░░░░░░░░░,43121,
246,Vitória de Santo Antão,PE,144243,38556,🟡 livre,desentupidora Vitória de Santo Antão,1,1,0,7,9,0.2222,██░░░░░░░░,47124,
247,Paulo Afonso,BA,119418,38548,🟡 livre,desentupidora Paulo Afonso,1,1,0,7,9,0.2222,██░░░░░░░░,47114,
248,Crato,CE,139027,38371,🟡 livre,desentupidora Crato,3,1,0,5,9,0.4444,████░░░░░░,55425,
249,Dias d'Ávila,BA,75296,38092,🟡 livre,desentupidora Dias d'Ávila,0,0,0,9,9,0.0000,░░░░░░░░░░,38092,
250,Araripina,PE,90504,37288,🟡 livre,desentupidora Araripina,2,0,0,6,8,0.2500,███░░░░░░░,46610,
251,Itamaraju,BA,61999,36765,🟡 livre,desentupidora Itamaraju,1,0,0,8,9,0.1111,█░░░░░░░░░,40850,
252,Congonhas,MG,55272,36369,🟡 livre,desentupidora Congonhas,1,0,0,8,9,0.1111,█░░░░░░░░░,40410,
253,Morrinhos,GO,54326,36301,🟡 livre,desentupidora Morrinhos,1,0,0,7,8,0.1250,█░░░░░░░░░,40839,
254,Cidade Ocidental,GO,101570,35824,🟡 livre,desentupidora Cidade Ocidental,2,0,0,8,10,0.2000,██░░░░░░░░,42989,
255,Lucas do Rio Verde,MT,95792,35759,🟡 livre,desentupidora Lucas do Rio Verde,2,0,0,7,9,0.2222,██░░░░░░░░,43705,
256,São Lourenço da Mata,PE,118258,35655,🟡 livre,desentupidora São Lourenço da Mata,2,1,0,6,9,0.3333,███░░░░░░░,47540,
257,Lagoa Santa,MG,81299,35609,🟡 livre,desentupidora Lagoa Santa,1,0,0,8,9,0.1111,█░░░░░░░░░,39566,
258,São Bento do Sul,SC,87661,35398,🟡 livre,desentupidora São Bento do Sul,2,0,0,7,9,0.2222,██░░░░░░░░,43264,
259,Capão da Canoa,RS,66234,34084,🟡 livre,desentupidora Capão da Canoa,0,0,0,9,9,0.0000,░░░░░░░░░░,34084,
260,Itaguaí,RJ,124021,33994,🟡 livre,desentupidora Itaguaí,1,1,0,8,10,0.2000,██░░░░░░░░,40793,
261,Guarabira,PB,60057,33314,🟡 livre,desentupidora Guarabira,1,0,0,7,8,0.1250,█░░░░░░░░░,37478,
262,Sant'Ana do Livramento,RS,87329,33010,🟡 livre,desentupidora Sant'Ana do Livramento,0,1,0,8,9,0.1111,█░░░░░░░░░,36678,
263,Pontes e Lacerda,MT,55762,32610,🟡 livre,desentupidora Pontes e Lacerda,2,0,0,7,9,0.2222,██░░░░░░░░,39857,
264,Casa Nova,BA,76131,32500,🟡 livre,desentupidora Casa Nova,1,0,0,7,8,0.1250,█░░░░░░░░░,36563,
265,Candeias,BA,74854,32105,🟡 livre,desentupidora Candeias,0,0,0,9,9,0.0000,░░░░░░░░░░,32105,
266,Mairiporã,SP,97835,31395,🟡 livre,desentupidora Mairiporã,0,0,0,9,9,0.0000,░░░░░░░░░░,31395,
267,São Gabriel,RS,60090,31109,🟡 livre,desentupidora São Gabriel,3,0,0,7,10,0.3000,███░░░░░░░,40442,
268,Mairinque,SP,51888,30884,🟡 livre,desentupidora Mairinque,0,0,0,9,9,0.0000,░░░░░░░░░░,30884,
269,Cruz das Almas,BA,63326,30631,🟡 livre,desentupidora Cruz das Almas,1,0,0,7,8,0.1250,█░░░░░░░░░,34460,
270,Cachoeira do Sul,RS,82222,30365,🟡 livre,desentupidora Cachoeira do Sul,2,1,0,5,8,0.3750,████░░░░░░,41752,
271,Guaíba,RS,95946,29849,🟡 livre,desentupidora Guaíba,1,0,0,8,9,0.1111,█░░░░░░░░░,33166,
272,Itaberaba,BA,68425,29785,🟡 livre,desentupidora Itaberaba,1,0,0,7,8,0.1250,█░░░░░░░░░,33508,
273,Delmiro Gouveia,AL,52845,29720,🟡 livre,desentupidora Delmiro Gouveia,1,0,0,7,8,0.1250,█░░░░░░░░░,33435,
274,Santa Cruz do Sul,RS,138270,29645,🟡 livre,desentupidora Santa Cruz do Sul,2,1,0,6,9,0.3333,███░░░░░░░,39527,
275,Pacatuba,CE,86564,27796,🟡 livre,desentupidora Pacatuba,1,0,0,7,8,0.1250,█░░░░░░░░░,31271,
276,Prudentópolis,PR,50946,27292,🟡 livre,desentupidora Prudentópolis,2,1,0,6,9,0.3333,███░░░░░░░,36389,
277,Canaã dos Carajás,PA,89524,27197,🟡 livre,desentupidora Canaã dos Carajás,2,0,0,8,10,0.2000,██░░░░░░░░,32636,
278,São Cristóvão,SE,101213,26832,🟡 livre,desentupidora São Cristóvão,0,0,0,9,9,0.0000,░░░░░░░░░░,26832,
279,Pirapora,MG,57713,26813,🟡 livre,desentupidora Pirapora,0,0,0,9,9,0.0000,░░░░░░░░░░,26813,
280,Santa Rosa,RS,79488,26525,🟡 livre,desentupidora Santa Rosa,2,0,0,7,9,0.2222,██░░░░░░░░,32419,
281,Barcarena,PA,139076,26438,🟡 livre,desentupidora Barcarena,1,1,0,6,8,0.2500,███░░░░░░░,33048,
282,Embu-Guaçu,SP,68913,26345,🟡 livre,desentupidora Embu-Guaçu,0,0,0,9,9,0.0000,░░░░░░░░░░,26345,
283,Cabedelo,PB,70734,26306,🟡 livre,desentupidora Cabedelo,2,0,0,7,9,0.2222,██░░░░░░░░,32152,
284,Sapucaia do Sul,RS,136572,25689,🟡 livre,desentupidora Sapucaia do Sul,0,0,0,9,9,0.0000,░░░░░░░░░░,25689,
285,Viana,ES,79043,25681,🟡 livre,desentupidora Viana,1,0,0,7,8,0.1250,█░░░░░░░░░,28891,
286,Indaial,SC,77888,25493,🟡 livre,desentupidora Indaial,2,0,0,6,8,0.2500,███░░░░░░░,31866,
287,Tangará da Serra,MT,114603,25476,🟡 livre,desentupidora Tangará da Serra,2,2,0,4,8,0.5000,█████░░░░░,38214,
288,Itapipoca,CE,138978,25391,🟡 livre,desentupidora Itapipoca,3,0,0,4,7,0.4286,████░░░░░░,36273,
289,Santo Amaro,BA,58398,24918,🟡 livre,desentupidora Santo Amaro,0,0,0,9,9,0.0000,░░░░░░░░░░,24918,
290,Salgueiro,PE,65946,24756,🟡 livre,desentupidora Salgueiro,1,0,0,7,8,0.1250,█░░░░░░░░░,27851,
291,Crateús,CE,80130,24600,🟡 livre,desentupidora Crateús,0,1,0,6,7,0.1429,█░░░░░░░░░,28114,
292,Tijucas,SC,58695,24499,🟡 livre,desentupidora Tijucas,1,0,0,7,8,0.1250,█░░░░░░░░░,27561,
293,Extrema,MG,59336,24470,🟡 livre,desentupidora Extrema,0,0,0,9,9,0.0000,░░░░░░░░░░,24470,
294,Belo Jardim,PE,84033,24403,🟡 livre,desentupidora Belo Jardim,0,0,0,8,8,0.0000,░░░░░░░░░░,24403,
295,Medianeira,PR,57910,24351,🟡 livre,desentupidora Medianeira,3,1,0,5,9,0.4444,████░░░░░░,35174,
296,Camocim,CE,65251,24156,🟡 livre,desentupidora Camocim,1,1,0,7,9,0.2222,██░░░░░░░░,29524,
297,União da Vitória,PR,56560,24032,🟡 livre,desentupidora União da Vitória,2,0,0,7,9,0.2222,██░░░░░░░░,29372,
298,Santa Isabel,SP,54691,24020,🟡 livre,desentupidora Santa Isabel,1,0,0,8,9,0.1111,█░░░░░░░░░,26689,
299,Cristalina,GO,66827,24011,🟡 livre,desentupidora Cristalina,1,0,0,9,10,0.1000,█░░░░░░░░░,26412,
300,Brejo Santo,CE,54192,23844,🟡 livre,desentupidora Brejo Santo,1,0,0,8,9,0.1111,█░░░░░░░░░,26493,
301,Alta Floresta,MT,62158,23608,🟡 livre,desentupidora Alta Floresta,2,1,0,6,9,0.3333,███░░░░░░░,31477,
302,Santo Ângelo,RS,79146,23459,🟡 livre,desentupidora Santo Ângelo,2,1,0,6,9,0.3333,███░░░░░░░,31279,
303,Abreu e Lima,PE,104248,23404,🟡 livre,desentupidora Abreu e Lima,1,0,0,8,9,0.1111,█░░░░░░░░░,26004,
304,Vargem Grande Paulista,SP,52352,23161,🟡 livre,desentupidora Vargem Grande Paulista,0,0,0,9,9,0.0000,░░░░░░░░░░,23161,
305,Itabaiana,SE,109250,23085,🟡 livre,desentupidora Itabaiana,1,1,0,6,8,0.2500,███░░░░░░░,28856,
306,Barra,BA,53642,23002,🟡 livre,desentupidora Barra,1,0,0,8,9,0.1111,█░░░░░░░░░,25558,
307,Santo Antônio de Jesus,BA,109791,22968,🟡 livre,desentupidora Santo Antônio de Jesus,2,1,0,6,9,0.3333,███░░░░░░░,30624,
308,Nova Lima,MG,120959,22922,🟡 livre,desentupidora Nova Lima,0,0,0,9,9,0.0000,░░░░░░░░░░,22922,
309,Mesquita,RJ,178830,22622,🟡 livre,desentupidora Mesquita,0,1,0,8,9,0.1111,█░░░░░░░░░,25136,
310,Bom Jesus da Lapa,BA,68866,22085,🟡 livre,desentupidora Bom Jesus da Lapa,0,1,0,8,9,0.1111,█░░░░░░░░░,24539,
311,Boa Viagem,CE,52133,21541,🟡 livre,desentupidora Boa Viagem,0,0,0,9,9,0.0000,░░░░░░░░░░,21541,
312,Araci,BA,50308,20973,🟡 livre,desentupidora Araci,0,0,0,8,8,0.0000,░░░░░░░░░░,20973,
313,Moreno,PE,57654,20813,🟡 livre,desentupidora Moreno,0,0,0,9,9,0.0000,░░░░░░░░░░,20813,
314,Ipojuca,PE,106539,20466,🟡 livre,desentupidora Ipojuca,0,0,0,9,9,0.0000,░░░░░░░░░░,20466,
315,Nova Andradina,MS,50848,20070,🟡 livre,desentupidora Nova Andradina,0,1,0,8,9,0.1111,█░░░░░░░░░,22300,
316,Valença,RJ,71449,20027,🟡 livre,desentupidora Valença,2,0,0,6,8,0.2500,███░░░░░░░,25034,
317,Naviraí,MS,53014,19790,🟡 livre,desentupidora Naviraí,1,1,0,7,9,0.2222,██░░░░░░░░,24188,
318,Ijuí,RS,87848,19546,🟡 livre,desentupidora Ijuí,1,0,0,7,8,0.1250,█░░░░░░░░░,21989,
319,Concórdia,SC,87206,19351,🟡 livre,desentupidora Concórdia,3,0,0,6,9,0.3333,███░░░░░░░,25801,
320,Viçosa do Ceará,CE,62972,19137,🟡 livre,desentupidora Viçosa do Ceará,1,0,0,8,9,0.1111,█░░░░░░░░░,21263,
321,Garanhuns,PE,151803,19051,🟡 livre,desentupidora Garanhuns,1,1,0,5,7,0.2857,███░░░░░░░,24494,
322,Gravatá,PE,92429,18717,🟡 livre,desentupidora Gravatá,2,0,0,7,9,0.2222,██░░░░░░░░,22876,
323,Canguçu,RS,50968,18089,🟡 livre,desentupidora Canguçu,1,0,0,4,5,0.2000,██░░░░░░░░,21707,
324,Janaúba,MG,73555,17940,🟡 livre,desentupidora Janaúba,1,0,0,8,9,0.1111,█░░░░░░░░░,19933,
325,Marechal Cândido Rondon,PR,58734,17767,🟡 livre,desentupidora Marechal Cândido Rondon,0,0,0,8,8,0.0000,░░░░░░░░░░,17767,
326,São Francisco,MG,54223,17763,🟡 livre,desentupidora São Francisco,1,0,0,8,9,0.1111,█░░░░░░░░░,19737,
327,Goianira,GO,81495,17195,🟡 livre,desentupidora Goianira,1,0,0,7,8,0.1250,█░░░░░░░░░,19344,
328,São Francisco do Sul,SC,56726,16961,🟡 livre,desentupidora São Francisco do Sul,2,0,0,7,9,0.2222,██░░░░░░░░,20730,
329,Limoeiro do Norte,CE,62623,16858,🟡 livre,desentupidora Limoeiro do Norte,2,0,0,6,8,0.2500,███░░░░░░░,21073,
330,Iguatu,CE,102588,16404,🟡 livre,desentupidora Iguatu,0,2,0,7,9,0.2222,██░░░░░░░░,20049,
331,Piedade,SP,54266,16339,🟡 livre,desentupidora Piedade,1,0,0,9,10,0.1000,█░░░░░░░░░,17973,
332,Alegrete,RS,74285,16001,🟡 livre,desentupidora Alegrete,1,0,0,7,8,0.1250,█░░░░░░░░░,18001,
333,Marechal Deodoro,AL,62477,15894,🟡 livre,desentupidora Marechal Deodoro,0,0,0,9,9,0.0000,░░░░░░░░░░,15894,
334,Canindé,CE,77376,15870,🟡 livre,desentupidora Canindé,1,0,0,8,9,0.1111,█░░░░░░░░░,17633,
335,Floriano,PI,64393,15834,🟡 livre,desentupidora Floriano,1,0,0,8,9,0.1111,█░░░░░░░░░,17593,
336,Araranguá,SC,76611,15797,🟡 livre,desentupidora Araranguá,2,1,0,6,9,0.3333,███░░░░░░░,21063,
337,Marituba,PA,119437,15467,🟡 livre,desentupidora Marituba,1,0,0,6,7,0.1429,█░░░░░░░░░,17677,
338,Caicó,RN,63338,15435,🟡 livre,desentupidora Caicó,1,0,0,7,8,0.1250,█░░░░░░░░░,17364,
339,Rio Largo,AL,97658,15410,🟡 livre,desentupidora Rio Largo,0,0,0,9,9,0.0000,░░░░░░░░░░,15410,
340,Ipirá,BA,59222,15285,🟡 livre,desentupidora Ipirá,1,0,0,8,9,0.1111,█░░░░░░░░░,16983,
341,Tramandaí,RS,56430,15027,🟡 livre,desentupidora Tramandaí,1,0,0,8,9,0.1111,█░░░░░░░░░,16697,
342,Surubim,PE,67821,14371,🟡 livre,desentupidora Surubim,2,0,0,6,8,0.2500,███░░░░░░░,17964,
343,Tianguá,CE,86968,14228,🟡 livre,desentupidora Tianguá,2,2,0,4,8,0.5000,█████░░░░░,21342,
344,Quixadá,CE,88846,14055,🟡 livre,desentupidora Quixadá,1,0,0,8,9,0.1111,█░░░░░░░░░,15617,
345,Coruripe,AL,51784,13940,🟡 livre,desentupidora Coruripe,1,0,0,7,8,0.1250,█░░░░░░░░░,15683,
346,Paraíso do Tocantins,TO,55704,13842,🟡 livre,desentupidora Paraíso do Tocantins,2,1,0,6,9,0.3333,███░░░░░░░,18456,
347,Patos,PB,108104,13783,🟡 livre,desentupidora Patos,2,2,0,6,10,0.4000,████░░░░░░,19296,
348,Icó,CE,64745,13758,🟡 livre,desentupidora Icó,1,0,0,8,9,0.1111,█░░░░░░░░░,15287,
349,Piripiri,PI,67887,13672,🟡 livre,desentupidora Piripiri,1,0,0,8,9,0.1111,█░░░░░░░░░,15191,
350,Russas,CE,74834,12976,🟡 livre,desentupidora Russas,1,0,0,8,9,0.1111,█░░░░░░░░░,14418,
351,Ceará-Mirim,RN,83543,12958,🟡 livre,desentupidora Ceará-Mirim,1,0,0,8,9,0.1111,█░░░░░░░░░,14398,
352,Maranguape,CE,108622,12850,🟡 livre,desentupidora Maranguape,1,2,0,4,7,0.4286,████░░░░░░,18357,
353,Maués,AM,66336,12803,🟡 livre,desentupidora Maués,1,0,0,8,9,0.1111,█░░░░░░░░░,14226,
354,Cruz Alta,RS,60454,12707,🟡 livre,desentupidora Cruz Alta,1,1,0,8,10,0.2000,██░░░░░░░░,15248,
355,Paragominas,PA,113498,12587,🟡 livre,desentupidora Paragominas,2,0,0,6,8,0.2500,███░░░░░░░,15734,
356,São Borja,RS,61311,12385,🟡 livre,desentupidora São Borja,1,0,0,8,9,0.1111,█░░░░░░░░░,13761,
357,Içara,SC,63489,12164,🟡 livre,desentupidora Içara,1,0,0,8,9,0.1111,█░░░░░░░░░,13516,
358,Eunápolis,BA,121067,12058,🟡 livre,desentupidora Eunápolis,2,1,0,6,9,0.3333,███░░░░░░░,16077,
359,Caxias,MA,163546,12004,🟡 livre,desentupidora Caxias,0,1,0,8,9,0.1111,█░░░░░░░░░,13338,
360,Aquiraz,CE,85316,11535,🟡 livre,desentupidora Aquiraz,1,1,0,7,9,0.2222,██░░░░░░░░,14098,
361,Cajazeiras,PB,66585,11406,🟡 livre,desentupidora Cajazeiras,0,0,0,9,9,0.0000,░░░░░░░░░░,11406,
362,Codó,MA,118283,11379,🟡 livre,desentupidora Codó,1,1,0,6,8,0.2500,███░░░░░░░,14224,
363,Jacobina,BA,86896,11105,🟡 livre,desentupidora Jacobina,1,0,0,7,8,0.1250,█░░░░░░░░░,12493,
364,Ibiúna,SP,77801,11040,🟡 livre,desentupidora Ibiúna,1,1,0,7,9,0.2222,██░░░░░░░░,13493,
365,Irecê,BA,78781,10951,🟡 livre,desentupidora Irecê,2,1,0,6,9,0.3333,███░░░░░░░,14601,
366,Nova Venécia,ES,52324,10941,🟡 livre,desentupidora Nova Venécia,0,0,0,9,9,0.0000,░░░░░░░░░░,10941,
367,Esmeraldas,MG,93103,10930,🟡 livre,desentupidora Esmeraldas,1,0,0,9,10,0.1000,█░░░░░░░░░,12023,
368,Januária,MG,67123,10552,🟡 livre,desentupidora Januária,1,1,0,7,9,0.2222,██░░░░░░░░,12897,
369,Aracati,CE,79205,10210,🟡 livre,desentupidora Aracati,1,0,0,7,8,0.1250,█░░░░░░░░░,11486,
370,Tucano,BA,51016,9397,🟡 livre,desentupidora Tucano,3,1,0,4,8,0.5000,█████░░░░░,14096,
371,Canela,RS,50715,9377,🟡 livre,desentupidora Canela,2,0,0,7,9,0.2222,██░░░░░░░░,11461,
372,Canoinhas,SC,56948,9009,🟡 livre,desentupidora Canoinhas,1,2,0,6,9,0.3333,███░░░░░░░,12012,
373,Venâncio Aires,RS,70842,8884,🟡 livre,desentupidora Venâncio Aires,2,0,0,6,8,0.2500,███░░░░░░░,11105,
374,Sapé,PB,53457,8842,🟡 livre,desentupidora Sapé,2,1,0,6,9,0.3333,███░░░░░░░,11789,
375,Lagarto,SE,105957,8243,🟡 livre,desentupidora Lagarto,1,2,0,5,8,0.3750,████░░░░░░,11334,
376,Euclides da Cunha,BA,64768,8193,🟡 livre,desentupidora Euclides da Cunha,0,0,0,10,10,0.0000,░░░░░░░░░░,8193,
377,Araquari,SC,52079,7963,🟡 livre,desentupidora Araquari,3,0,0,6,9,0.3333,███░░░░░░░,10617,
378,São Benedito,CE,50058,7614,🟡 livre,desentupidora São Benedito,0,0,0,9,9,0.0000,░░░░░░░░░░,7614,
379,Eusébio,CE,82016,7480,🟡 livre,desentupidora Eusébio,2,1,0,6,9,0.3333,███░░░░░░░,9973,
380,Cáceres,MT,91767,7286,🟡 livre,desentupidora Cáceres,1,1,0,7,9,0.2222,██░░░░░░░░,8905,
381,Estância,SE,67060,7175,🟡 livre,desentupidora Estância,0,1,0,8,9,0.1111,█░░░░░░░░░,7972,
382,Serrinha,BA,84690,6699,🟡 livre,desentupidora Serrinha,0,0,0,9,9,0.0000,░░░░░░░░░░,6699,
383,Itapecuru Mirim,MA,62264,6382,🟡 livre,desentupidora Itapecuru Mirim,0,0,0,9,9,0.0000,░░░░░░░░░░,6382,
384,Bayeux,PB,83862,6374,🟡 livre,desentupidora Bayeux,2,0,0,7,9,0.2222,██░░░░░░░░,7790,
385,Horizonte,CE,81161,6363,🟡 livre,desentupidora Horizonte,1,1,0,7,9,0.2222,██░░░░░░░░,7777,
386,São Gonçalo do Amarante,CE,58191,6343,🟡 livre,desentupidora São Gonçalo do Amarante,0,0,0,8,8,0.0000,░░░░░░░░░░,6343,
387,Santa Rita,PB,160852,5968,🟡 livre,desentupidora Santa Rita,1,0,0,8,9,0.1111,█░░░░░░░░░,6631,
388,Barbalha,CE,81441,5261,🟡 livre,desentupidora Barbalha,1,0,0,7,8,0.1250,█░░░░░░░░░,5919,
389,Igarassu,PE,123017,5191,🟡 livre,desentupidora Igarassu,1,1,1,6,9,0.3333,███░░░░░░░,6921,
390,Barreirinhas,MA,68234,4851,🟡 livre,desentupidora Barreirinhas,1,0,0,8,9,0.1111,█░░░░░░░░░,5390,
391,Bacabal,MA,107755,4827,🟡 livre,desentupidora Bacabal,1,1,0,7,9,0.2222,██░░░░░░░░,5900,
392,Santo Estêvão,BA,55146,4583,🟡 livre,desentupidora Santo Estêvão,1,0,0,9,10,0.1000,█░░░░░░░░░,5041,
393,Brumado,BA,74368,4559,🟡 livre,desentupidora Brumado,1,0,0,8,9,0.1111,█░░░░░░░░░,5066,
394,Senador Canedo,GO,175042,4499,🟡 livre,desentupidora Senador Canedo,1,1,0,7,9,0.2222,██░░░░░░░░,5499,
395,Redenção,PA,92694,4394,🟡 livre,desentupidora Redenção,1,0,0,8,9,0.1111,█░░░░░░░░░,4882,
396,Beberibe,CE,55977,3997,🟡 livre,desentupidora Beberibe,1,0,0,8,9,0.1111,█░░░░░░░░░,4441,
397,Balsas,MA,105974,3995,🟡 livre,desentupidora Balsas,1,0,0,8,9,0.1111,█░░░░░░░░░,4439,
398,Tauá,CE,64655,3925,🟡 livre,desentupidora Tauá,0,0,0,9,9,0.0000,░░░░░░░░░░,3925,
399,Arcoverde,PE,82487,3819,🟡 livre,desentupidora Arcoverde,1,1,0,7,9,0.2222,██░░░░░░░░,4668,
400,Coroatá,MA,61337,3778,🟡 livre,desentupidora Coroatá,2,0,0,7,9,0.2222,██░░░░░░░░,4618,
401,Sapiranga,RS,77935,3538,🟡 livre,desentupidora Sapiranga,0,0,0,9,9,0.0000,░░░░░░░░░░,3538,
402,Acaraú,CE,69317,3230,🟡 livre,desentupidora Acaraú,1,0,0,7,8,0.1250,█░░░░░░░░░,3634,
403,Imbituba,SC,57256,3138,🟡 livre,desentupidora Imbituba,1,0,0,7,8,0.1250,█░░░░░░░░░,3530,
404,Granja,CE,55809,3003,🟡 livre,desentupidora Granja,0,0,0,9,9,0.0000,░░░░░░░░░░,3003,
405,Macaíba,RN,87056,2525,🟡 livre,desentupidora Macaíba,1,0,0,8,9,0.1111,█░░░░░░░░░,2806,
406,Campo Formoso,BA,75112,2516,🟡 livre,desentupidora Campo Formoso,0,0,0,9,9,0.0000,░░░░░░░░░░,2516,
407,Novo Repartimento,PA,63796,2475,🟡 livre,desentupidora Novo Repartimento,0,0,0,8,8,0.0000,░░░░░░░░░░,2475,
408,Ariquemes,RO,109170,2456,🟡 livre,desentupidora Ariquemes,2,2,0,4,8,0.5000,█████░░░░░,3684,
409,Palmeira dos Índios,AL,73621,2452,🟡 livre,desentupidora Palmeira dos Índios,1,1,0,7,9,0.2222,██░░░░░░░░,2997,
410,Conceição do Coité,BA,71601,2177,🟡 livre,desentupidora Conceição do Coité,0,0,0,7,7,0.0000,░░░░░░░░░░,2177,
411,Altos,PI,50094,2109,🟡 livre,desentupidora Altos,1,0,0,8,9,0.1111,█░░░░░░░░░,2343,
412,Lajeado,RS,96879,2025,🟡 livre,desentupidora Lajeado,1,0,0,8,9,0.1111,█░░░░░░░░░,2250,
413,Camaragibe,PE,156112,1811,🟡 livre,desentupidora Camaragibe,1,0,0,8,9,0.1111,█░░░░░░░░░,2012,
414,Cascavel,CE,76866,1768,🟡 livre,desentupidora Cascavel,2,0,0,8,10,0.2000,██░░░░░░░░,2122,
415,Ji-Paraná,RO,140101,1723,🟡 livre,desentupidora Ji-Paraná,1,2,0,6,9,0.3333,███░░░░░░░,2297,
416,Gaspar,SC,78344,1684,🟡 livre,desentupidora Gaspar,1,0,0,8,9,0.1111,█░░░░░░░░░,1871,
417,Pacajus,CE,75454,1637,🟡 livre,desentupidora Pacajus,2,0,0,6,8,0.2500,███░░░░░░░,2046,
418,Xinguara,PA,57768,1635,🟡 livre,desentupidora Xinguara,0,0,0,9,9,0.0000,░░░░░░░░░░,1635,
419,Trairi,CE,62004,1625,🟡 livre,desentupidora Trairi,1,0,0,8,9,0.1111,█░░░░░░░░░,1806,
420,Açailândia,MA,110611,1582,🟡 livre,desentupidora Açailândia,1,0,0,7,8,0.1250,█░░░░░░░░░,1780,
421,Rolim de Moura,RO,62959,1423,🟡 livre,desentupidora Rolim de Moura,1,1,0,7,9,0.2222,██░░░░░░░░,1739,
422,Santana,AP,118803,1414,🟡 livre,desentupidora Santana,0,0,0,9,9,0.0000,░░░░░░░░░░,1414,
423,Morada Nova,CE,65390,1399,🟡 livre,desentupidora Morada Nova,0,1,0,8,9,0.1111,█░░░░░░░░░,1554,
424,Tutóia,MA,55076,1366,🟡 livre,desentupidora Tutóia,1,0,0,6,7,0.1429,█░░░░░░░░░,1561,
425,Ribeira do Pombal,BA,56316,1216,🟡 livre,desentupidora Ribeira do Pombal,1,0,0,8,9,0.1111,█░░░░░░░░░,1351,
426,Queimadas,PB,50698,852,🟡 livre,desentupidora Queimadas,1,0,0,7,8,0.1250,█░░░░░░░░░,959,
427,Itupiranga,PA,52201,820,🟡 livre,desentupidora Itupiranga,1,0,0,8,9,0.1111,█░░░░░░░░░,911,
428,Bento Gonçalves,RS,127977,704,🟡 livre,desentupidora Bento Gonçalves,1,1,0,8,10,0.2000,██░░░░░░░░,845,
429,Seropédica,RJ,84794,534,🟡 livre,desentupidora Seropédica,0,0,0,9,9,0.0000,░░░░░░░░░░,534,
430,Itaitinga,CE,72512,413,🟡 livre,desentupidora Itaitinga,1,0,0,7,8,0.1250,█░░░░░░░░░,465,
431,Dom Eliseu,PA,62823,333,🟡 livre,desentupidora Dom Eliseu,1,1,0,7,9,0.2222,██░░░░░░░░,407,
432,São José de Mipibu,RN,50053,265,🟡 livre,desentupidora São José de Mipibu,1,0,0,8,9,0.1111,█░░░░░░░░░,294,
433,Videira,SC,59074,236,🟡 livre,desentupidora Videira,2,0,0,7,9,0.2222,██░░░░░░░░,288,
434,Catu,BA,50109,100,🟡 livre,desentupidora Catu,1,0,0,8,9,0.1111,█░░░░░░░░░,111,
435,Campo Bom,RS,64719,91,🟡 livre,desentupidora Campo Bom,2,0,0,7,9,0.2222,██░░░░░░░░,111,
436,Teresópolis,RJ,176735,0,🟡 livre,desentupidora Teresópolis,1,1,0,7,9,0.2222,██░░░░░░░░,0,
436,Abaetetuba,PA,172344,0,🟡 livre,desentupidora Abaetetuba,1,1,0,7,9,0.2222,██░░░░░░░░,0,
436,Nilópolis,RJ,155500,0,🟡 livre,desentupidora Nilópolis,0,1,0,8,9,0.1111,█░░░░░░░░░,0,
436,Brusque,SC,155307,0,🟡 livre,desentupidora Brusque,2,2,0,5,9,0.4444,████░░░░░░,0,
436,Queimados,RJ,149135,0,🟡 livre,desentupidora Queimados,1,2,0,7,10,0.3000,███░░░░░░░,0,
436,Cametá,PA,144859,0,🟡 livre,desentupidora Cametá,2,0,0,6,8,0.2500,███░░░░░░░,0,
436,Itaituba,PA,135369,0,🟡 livre,desentupidora Itaituba,1,1,0,7,9,0.2222,██░░░░░░░░,0,
436,Bragança,PA,132489,0,🟡 livre,desentupidora Bragança,0,0,0,9,9,0.0000,░░░░░░░░░░,0,
436,Camboriú,SC,117324,0,🟡 livre,desentupidora Camboriú,1,0,0,8,9,0.1111,█░░░░░░░░░,0,
436,Breves,PA,116058,0,🟡 livre,desentupidora Breves,2,0,0,7,9,0.2222,██░░░░░░░░,0,
436,Itacoatiara,AM,113917,0,🟡 livre,desentupidora Itacoatiara,2,1,0,6,9,0.3333,███░░░░░░░,0,
436,Manacapuru,AM,111751,0,🟡 livre,desentupidora Manacapuru,1,0,0,8,9,0.1111,█░░░░░░░░░,0,
436,Vilhena,RO,109651,0,🟡 livre,desentupidora Vilhena,2,2,0,5,9,0.4444,████░░░░░░,0,
436,Erechim,RS,109609,0,🟡 livre,desentupidora Erechim,2,2,0,6,10,0.4000,████░░░░░░,0,
436,Santa Cruz do Capibaribe,PE,104854,0,🟡 livre,desentupidora Santa Cruz do Capibaribe,1,1,0,7,9,0.2222,██░░░░░░░░,0,
436,Japeri,RJ,102171,0,🟡 livre,desentupidora Japeri,1,1,0,7,9,0.2222,██░░░░░░░░,0,
436,Parintins,AM,101855,0,🟡 livre,desentupidora Parintins,2,0,0,7,9,0.2222,██░░░░░░░░,0,
436,Cruzeiro do Sul,AC,98916,0,🟡 livre,desentupidora Cruzeiro do Sul,0,0,0,9,9,0.0000,░░░░░░░░░░,0,
436,Tucuruí,PA,96119,0,🟡 livre,desentupidora Tucuruí,2,1,0,6,9,0.3333,███░░░░░░░,0,
436,Navegantes,SC,96046,0,🟡 livre,desentupidora Navegantes,1,0,0,8,9,0.1111,█░░░░░░░░░,0,
436,Moju,PA,91760,0,🟡 livre,desentupidora Moju,1,0,0,7,8,0.1250,█░░░░░░░░░,0,
436,Santa Inês,MA,88249,0,🟡 livre,desentupidora Santa Inês,0,0,0,9,9,0.0000,░░░░░░░░░░,0,
436,Pinheiro,MA,88091,0,🟡 livre,desentupidora Pinheiro,2,0,0,7,9,0.2222,██░░░░░░░░,0,
436,Barra do Corda,MA,87757,0,🟡 livre,desentupidora Barra do Corda,1,0,0,7,8,0.1250,█░░░░░░░░░,0,
436,Quixeramobim,CE,86431,0,🟡 livre,desentupidora Quixeramobim,1,0,0,7,8,0.1250,█░░░░░░░░░,0,
436,Chapadinha,MA,84395,0,🟡 livre,desentupidora Chapadinha,1,0,0,6,7,0.1429,█░░░░░░░░░,0,
436,Biguaçu,SC,83756,0,🟡 livre,desentupidora Biguaçu,2,1,0,5,8,0.3750,████░░░░░░,0,
436,Carpina,PE,83482,0,🟡 livre,desentupidora Carpina,1,1,0,7,9,0.2222,██░░░░░░░░,0,
436,Tefé,AM,80137,0,🟡 livre,desentupidora Tefé,1,0,0,7,8,0.1250,█░░░░░░░░░,0,
436,Santa Izabel do Pará,PA,79195,0,🟡 livre,desentupidora Santa Izabel do Pará,1,0,0,7,8,0.1250,█░░░░░░░░░,0,
436,Rio do Sul,SC,77451,0,🟡 livre,desentupidora Rio do Sul,3,0,0,5,8,0.3750,████░░░░░░,0,
436,Grajaú,MA,76837,0,🟡 livre,desentupidora Grajaú,0,0,0,9,9,0.0000,░░░░░░░░░░,0,
436,Caçador,SC,76298,0,🟡 livre,desentupidora Caçador,2,0,0,6,8,0.2500,███░░░░░░░,0,
436,Alenquer,PA,75882,0,🟡 livre,desentupidora Alenquer,1,0,0,8,9,0.1111,█░░░░░░░░░,0,
436,Capanema,PA,75309,0,🟡 livre,desentupidora Capanema,2,1,0,6,9,0.3333,███░░░░░░░,0,
436,Tailândia,PA,75290,0,🟡 livre,desentupidora Tailândia,1,1,0,7,9,0.2222,██░░░░░░░░,0,
436,Coari,AM,73576,0,🟡 livre,desentupidora Coari,0,0,0,6,6,0.0000,░░░░░░░░░░,0,
436,Tabatinga,AM,73348,0,🟡 livre,desentupidora Tabatinga,0,0,0,8,8,0.0000,░░░░░░░░░░,0,
436,Tomé-Açu,PA,73058,0,🟡 livre,desentupidora Tomé-Açu,0,0,0,9,9,0.0000,░░░░░░░░░░,0,
436,Oriximiná,PA,72889,0,🟡 livre,desentupidora Oriximiná,1,0,0,8,9,0.1111,█░░░░░░░░░,0,
436,Farroupilha,RS,72552,0,🟡 livre,desentupidora Farroupilha,1,0,0,8,9,0.1111,█░░░░░░░░░,0,
436,Sousa,PB,70066,0,🟡 livre,desentupidora Sousa,2,0,0,7,9,0.2222,██░░░░░░░░,0,
436,Igarapé-Miri,PA,69446,0,🟡 livre,desentupidora Igarapé-Miri,0,0,0,8,8,0.0000,░░░░░░░░░░,0,
436,Benevides,PA,68962,0,🟡 livre,desentupidora Benevides,1,0,0,5,6,0.1667,██░░░░░░░░,0,
436,Iranduba,AM,68862,0,🟡 livre,desentupidora Iranduba,1,0,0,8,9,0.1111,█░░░░░░░░░,0,
436,Extremoz,RN,68584,0,🟡 livre,desentupidora Extremoz,1,0,0,7,8,0.1250,█░░░░░░░░░,0,
436,Ouricuri,PE,68489,0,🟡 livre,desentupidora Ouricuri,3,0,0,5,8,0.3750,████░░░░░░,0,
436,Portel,PA,67580,0,🟡 livre,desentupidora Portel,1,0,0,8,9,0.1111,█░░░░░░░░░,0,
436,Montenegro,RS,66352,0,🟡 livre,desentupidora Montenegro,1,0,0,6,7,0.1429,█░░░░░░░░░,0,
436,Bezerros,PE,65007,0,🟡 livre,desentupidora Bezerros,1,0,0,8,9,0.1111,█░░░░░░░░░,0,
436,São Félix do Xingu,PA,64651,0,🟡 livre,desentupidora São Félix do Xingu,0,1,0,8,9,0.1111,█░░░░░░░░░,0,
436,Monte Alegre,PA,64002,0,🟡 livre,desentupidora Monte Alegre,0,1,0,8,9,0.1111,█░░░░░░░░░,0,
436,Camaquã,RS,63961,0,🟡 livre,desentupidora Camaquã,2,0,0,7,9,0.2222,██░░░░░░░░,0,
436,Carazinho,RS,63670,0,🟡 livre,desentupidora Carazinho,2,0,0,7,9,0.2222,██░░░░░░░░,0,
436,Nova Mutum,MT,63455,0,🟡 livre,desentupidora Nova Mutum,2,0,0,7,9,0.2222,██░░░░░░░░,0,
436,Humaitá,AM,63454,0,🟡 livre,desentupidora Humaitá,0,0,0,9,9,0.0000,░░░░░░░░░░,0,
436,Acará,PA,63110,0,🟡 livre,desentupidora Acará,2,0,0,7,9,0.2222,██░░░░░░░░,0,
436,Viseu,PA,62189,0,🟡 livre,desentupidora Viseu,1,0,0,7,8,0.1250,█░░░░░░░░░,0,
436,Escada,PE,62174,0,🟡 livre,desentupidora Escada,1,0,0,7,8,0.1250,█░░░░░░░░░,0,
436,Capitão Poço,PA,60318,0,🟡 livre,desentupidora Capitão Poço,1,0,0,8,9,0.1111,█░░░░░░░░░,0,
436,Penedo,AL,60185,0,🟡 livre,desentupidora Penedo,0,0,0,9,9,0.0000,░░░░░░░░░░,0,
436,Paudalho,PE,59924,0,🟡 livre,desentupidora Paudalho,0,0,0,8,8,0.0000,░░░░░░░░░░,0,
436,Cachoeiras de Macacu,RJ,59861,0,🟡 livre,desentupidora Cachoeiras de Macacu,0,0,0,9,9,0.0000,░░░░░░░░░░,0,
436,Limoeiro,PE,59236,0,🟡 livre,desentupidora Limoeiro,2,0,0,6,8,0.2500,███░░░░░░░,0,
436,Açu,RN,59099,0,🟡 livre,desentupidora Açu,0,0,0,8,8,0.0000,░░░░░░░░░░,0,
436,Santa Luzia,MA,58839,0,🟡 livre,desentupidora Santa Luzia,1,0,0,8,9,0.1111,█░░░░░░░░░,0,
436,Manicoré,AM,58018,0,🟡 livre,desentupidora Manicoré,1,0,0,7,8,0.1250,█░░░░░░░░░,0,
436,São Gabriel da Cachoeira,AM,57396,0,🟡 livre,desentupidora São Gabriel da Cachoeira,2,0,0,7,9,0.2222,██░░░░░░░░,0,
436,Mafra,SC,57262,0,🟡 livre,desentupidora Mafra,3,0,0,5,8,0.3750,████░░░░░░,0,
436,Rondon do Pará,PA,57031,0,🟡 livre,desentupidora Rondon do Pará,0,0,0,8,8,0.0000,░░░░░░░░░░,0,
436,Baião,PA,56850,0,🟡 livre,desentupidora Baião,1,0,0,8,9,0.1111,█░░░░░░░░░,0,
436,Buriticupu,MA,56733,0,🟡 livre,desentupidora Buriticupu,1,0,0,7,8,0.1250,█░░░░░░░░░,0,
436,Palmares,PE,56475,0,🟡 livre,desentupidora Palmares,1,0,0,7,8,0.1250,█░░░░░░░░░,0,
436,São Miguel do Guamá,PA,55970,0,🟡 livre,desentupidora São Miguel do Guamá,0,0,0,9,9,0.0000,░░░░░░░░░░,0,
436,Jaru,RO,55682,0,🟡 livre,desentupidora Jaru,1,0,0,7,8,0.1250,█░░░░░░░░░,0,
436,Óbidos,PA,55527,0,🟡 livre,desentupidora Óbidos,2,0,0,7,9,0.2222,██░░░░░░░░,0,
436,Xanxerê,SC,54891,0,🟡 livre,desentupidora Xanxerê,2,1,0,6,9,0.3333,███░░░░░░░,0,
436,Caetité,BA,54730,0,🟡 livre,desentupidora Caetité,0,0,0,8,8,0.0000,░░░░░░░░░░,0,
436,Taquara,RS,54353,0,🟡 livre,desentupidora Taquara,1,0,0,8,9,0.1111,█░░░░░░░░░,0,
436,Guapimirim,RJ,54311,0,🟡 livre,desentupidora Guapimirim,0,0,0,9,9,0.0000,░░░░░░░░░░,0,
436,Juruti,PA,54255,0,🟡 livre,desentupidora Juruti,2,0,0,7,9,0.2222,██░░░░░░░░,0,
436,Vigia,PA,54062,0,🟡 livre,desentupidora Vigia,1,0,0,7,8,0.1250,█░░░░░░░░░,0,
436,Parobé,RS,53569,0,🟡 livre,desentupidora Parobé,0,0,0,9,9,0.0000,░░░░░░░░░░,0,
436,Viana,MA,53176,0,🟡 livre,desentupidora Viana,1,0,0,7,8,0.1250,█░░░░░░░░░,0,
436,Barra Velha,SC,52860,0,🟡 livre,desentupidora Barra Velha,2,0,0,7,9,0.2222,██░░░░░░░░,0,
436,Tobias Barreto,SE,52783,0,🟡 livre,desentupidora Tobias Barreto,1,0,0,8,9,0.1111,█░░░░░░░░░,0,
436,Campo Novo do Parecis,MT,51722,0,🟡 livre,desentupidora Campo Novo do Parecis,3,0,0,6,9,0.3333,███░░░░░░░,0,
436,Guaramirim,SC,51009,0,🟡 livre,desentupidora Guaramirim,1,0,0,9,10,0.1000,█░░░░░░░░░,0,
436,Poções,BA,50773,0,🟡 livre,desentupidora Poções,0,0,1,8,9,0.1111,█░░░░░░░░░,0,
fora-do-universo,Joinville,SC,~600000,,🟢 cadastrada,desentupidora Joinville,1,0,0,8,9,0.1111,█░░░░░░░░░,,Fora do universo de 524 cidades (populacao > 200k) - publicada mesmo assim
fora-do-universo,Maringá,PR,~430000,,🟢 cadastrada,desentupidora Maringá,1,0,0,6,7,0.1429,█░░░░░░░░░,,Fora do universo de 524 cidades (populacao > 200k) - publicada mesmo assim
